ID,epoch,t_epoch,train_loss,train_acc,val_loss,val_acc,lr,time_this_iter_s,done,timesteps_total,episodes_total,training_iteration,trial_id,experiment_id,date,timestamp,time_total_s,pid,hostname,node_ip,time_since_restore,timesteps_since_restore,iterations_since_restore,warmup_time
555656,1,49.96919322013855,2.853690971027721,0.13436857136813077,2.907167741230556,0.15670997755868094,0.0099945,59.366909980773926,False,,,1,a0127_00000,c83af81d3ee14410963e0234d555d0b4,2024-05-21_19-58-47,1716314327,59.366909980773926,133012,Neptune,127.0.0.1,59.366909980773926,0,1,0.015634536743164062
555656,2,45.12585163116455,2.728818091479215,0.16533814777027478,2.8156213079180037,0.1638554675238473,0.009989,45.140100717544556,False,,,2,a0127_00000,c83af81d3ee14410963e0234d555d0b4,2024-05-21_19-59-33,1716314373,104.50701069831848,133012,Neptune,127.0.0.1,104.50701069831848,0,2,0.015634536743164062
555656,3,44.489020586013794,2.7181236743927,0.165208101272583,2.8022730009896413,0.16171528611864364,0.0099835,44.489020586013794,False,,,3,a0127_00000,c83af81d3ee14410963e0234d555d0b4,2024-05-21_20-00-17,1716314417,148.99603128433228,133012,Neptune,127.0.0.1,148.99603128433228,0,3,0.015634536743164062
555656,4,43.93408250808716,2.663152347911488,0.16515646197579123,2.9114756924765453,0.16246094022478377,0.009978,43.949639558792114,False,,,4,a0127_00000,c83af81d3ee14410963e0234d555d0b4,2024-05-21_20-01-01,1716314461,192.9456708431244,133012,Neptune,127.0.0.1,192.9456708431244,0,4,0.015634536743164062
555656,5,43.74535536766052,2.7269789522344414,0.16326262734153055,2.794600316456386,0.16164137635912215,0.0099725,43.760964155197144,False,,,5,a0127_00000,c83af81d3ee14410963e0234d555d0b4,2024-05-21_20-01-45,1716314505,236.70663499832153,133012,Neptune,127.0.0.1,236.70663499832153,0,5,0.015634536743164062
555656,6,43.528711795806885,2.698278167031028,0.16541970859874378,2.831404141017369,0.16819710390908377,0.009967,43.528711795806885,False,,,6,a0127_00000,c83af81d3ee14410963e0234d555d0b4,2024-05-21_20-02-28,1716314548,280.2353467941284,133012,Neptune,127.0.0.1,280.2353467941284,0,6,0.015634536743164062
555656,7,43.65453553199768,2.7586431286551734,0.1662117676301436,2.865586280822754,0.16427334717341832,0.0099615,43.670148611068726,False,,,7,a0127_00000,c83af81d3ee14410963e0234d555d0b4,2024-05-21_20-03-12,1716314592,323.90549540519714,133012,Neptune,127.0.0.1,323.90549540519714,0,7,0.015634536743164062
555656,8,43.8727753162384,2.665734377774325,0.16474222053181042,2.8863251209259033,0.1685070821217128,0.009956000000000001,43.8727753162384,False,,,8,a0127_00000,c83af81d3ee14410963e0234d555d0b4,2024-05-21_20-03-56,1716314636,367.77827072143555,133012,Neptune,127.0.0.1,367.77827072143555,0,8,0.015634536743164062
555656,9,43.3687801361084,2.649496988816695,0.1624239358035001,2.846731049673898,0.16200459003448486,0.0099505,43.37878775596619,False,,,9,a0127_00000,c83af81d3ee14410963e0234d555d0b4,2024-05-21_20-04-39,1716314679,411.15705847740173,133012,Neptune,127.0.0.1,411.15705847740173,0,9,0.015634536743164062
555656,10,43.530662536621094,2.6600874120538887,0.16545270789753308,2.7927238259996687,0.1614713157926287,0.009945,43.54622149467468,False,,,10,a0127_00000,c83af81d3ee14410963e0234d555d0b4,2024-05-21_20-05-23,1716314723,454.7032799720764,133012,Neptune,127.0.0.1,454.7032799720764,0,10,0.015634536743164062
555656,11,44.12908363342285,2.6588079062375156,0.16688301346518777,2.838237796510969,0.16114800316946848,0.0099395,44.13908052444458,False,,,11,a0127_00000,c83af81d3ee14410963e0234d555d0b4,2024-05-21_20-06-07,1716314767,498.842360496521,133012,Neptune,127.0.0.1,498.842360496521,0,11,0.015634536743164062
555656,12,43.981714487075806,2.6792380809783936,0.1640470786528154,2.9026502200535367,0.16596164022173202,0.009934,43.997328996658325,False,,,12,a0127_00000,c83af81d3ee14410963e0234d555d0b4,2024-05-21_20-06-51,1716314811,542.8396894931793,133012,Neptune,127.0.0.1,542.8396894931793,0,12,0.015634536743164062
555656,13,43.61442995071411,2.6499310840259898,0.1656829985705289,2.8731511320386613,0.16437550953456334,0.0099285,43.62436366081238,False,,,13,a0127_00000,c83af81d3ee14410963e0234d555d0b4,2024-05-21_20-07-34,1716314854,586.4640531539917,133012,Neptune,127.0.0.1,586.4640531539917,0,13,0.015634536743164062
555656,14,43.803974866867065,2.6359253363175825,0.1669116128574718,2.9064297676086426,0.168711713382176,0.009923,43.803974866867065,False,,,14,a0127_00000,c83af81d3ee14410963e0234d555d0b4,2024-05-21_20-08-18,1716314898,630.2680280208588,133012,Neptune,127.0.0.1,630.2680280208588,0,14,0.015634536743164062
555656,15,43.87460517883301,2.678136197003451,0.16821113499728116,2.8941256318773543,0.16278692654200963,0.009917500000000001,43.87460517883301,False,,,15,a0127_00000,c83af81d3ee14410963e0234d555d0b4,2024-05-21_20-09-02,1716314942,674.1426331996918,133012,Neptune,127.0.0.1,674.1426331996918,0,15,0.015634536743164062
555656,16,43.6244010925293,2.6268041784113105,0.1670881618152965,2.9242368766239712,0.1649437120982579,0.009912,43.634294748306274,False,,,16,a0127_00000,c83af81d3ee14410963e0234d555d0b4,2024-05-21_20-09-46,1716314986,717.776927947998,133012,Neptune,127.0.0.1,717.776927947998,0,16,0.015634536743164062
555656,17,43.20832538604736,2.585824576291171,0.16688520258123224,2.8484180314200267,0.16779214995247976,0.0099065,43.21839094161987,False,,,17,a0127_00000,c83af81d3ee14410963e0234d555d0b4,2024-05-21_20-10-29,1716315029,760.9953188896179,133012,Neptune,127.0.0.1,760.9953188896179,0,17,0.015634536743164062
555656,18,44.108295917510986,2.692817059430209,0.16662166335365988,2.93098817552839,0.16753060477120535,0.009901,44.12391543388367,False,,,18,a0127_00000,c83af81d3ee14410963e0234d555d0b4,2024-05-21_20-11-13,1716315073,805.1192343235016,133012,Neptune,127.0.0.1,805.1192343235016,0,18,0.015634536743164062
555656,19,43.14672875404358,2.6461411822925913,0.16449746218594638,2.8556809765951976,0.16579978806631906,0.0098955,43.15664744377136,False,,,19,a0127_00000,c83af81d3ee14410963e0234d555d0b4,2024-05-21_20-11-56,1716315116,848.275881767273,133012,Neptune,127.0.0.1,848.275881767273,0,19,0.015634536743164062
555656,20,43.754968881607056,2.5727635513652456,0.16816666993227872,2.915764570236206,0.1695085253034319,0.00989,43.76495027542114,False,,,20,a0127_00000,c83af81d3ee14410963e0234d555d0b4,2024-05-21_20-12-40,1716315160,892.0408320426941,133012,Neptune,127.0.0.1,892.0408320426941,0,20,0.015634536743164062
555656,21,43.568933963775635,2.5536163720217617,0.17056109688498758,2.875828640801566,0.16643893718719482,0.009884500000000001,43.59452843666077,False,,,21,a0127_00000,c83af81d3ee14410963e0234d555d0b4,2024-05-21_20-13-24,1716315204,935.6353604793549,133012,Neptune,127.0.0.1,935.6353604793549,0,21,0.015634536743164062
555656,22,43.86433744430542,2.5625977516174316,0.17025561766190964,2.9225571155548096,0.16676996435437882,0.009879,43.87996315956116,False,,,22,a0127_00000,c83af81d3ee14410963e0234d555d0b4,2024-05-21_20-14-08,1716315248,979.515323638916,133012,Neptune,127.0.0.1,979.515323638916,0,22,0.015634536743164062
555656,23,43.855817794799805,2.64076245914806,0.17189865762537176,2.883269718715123,0.17465875829969132,0.0098735,43.8659782409668,False,,,23,a0127_00000,c83af81d3ee14410963e0234d555d0b4,2024-05-21_20-14-51,1716315291,1023.3813018798828,133012,Neptune,127.0.0.1,1023.3813018798828,0,23,0.015634536743164062
555656,24,43.58882021903992,2.625377503308383,0.17824215238744562,3.004409279142107,0.17787739208766393,0.009868,43.58882021903992,False,,,24,a0127_00000,c83af81d3ee14410963e0234d555d0b4,2024-05-21_20-15-35,1716315335,1066.9701220989227,133012,Neptune,127.0.0.1,1066.9701220989227,0,24,0.015634536743164062
555656,25,43.55829071998596,2.629543412815441,0.18004843321713535,2.93708906854902,0.1672746283667428,0.0098625,43.573952198028564,False,,,25,a0127_00000,c83af81d3ee14410963e0234d555d0b4,2024-05-21_20-16-19,1716315379,1110.5440742969513,133012,Neptune,127.0.0.1,1110.5440742969513,0,25,0.015634536743164062
555656,26,43.595234394073486,2.5798628546974878,0.18766331672668457,2.9060570171901157,0.17045693738119944,0.009857000000000001,43.605141401290894,False,,,26,a0127_00000,c83af81d3ee14410963e0234d555d0b4,2024-05-21_20-17-02,1716315422,1154.1492156982422,133012,Neptune,127.0.0.1,1154.1492156982422,0,26,0.015634536743164062
555656,27,45.12551498413086,2.5245903622020376,0.1898783336986195,2.9795232159750804,0.17645343712397984,0.0098515,45.14114475250244,False,,,27,a0127_00000,c83af81d3ee14410963e0234d555d0b4,2024-05-21_20-17-47,1716315467,1199.2903604507446,133012,Neptune,127.0.0.1,1199.2903604507446,0,27,0.015634536743164062
555656,28,43.49270153045654,2.554503159089522,0.1952451142397794,2.8736558301108226,0.18159358842032297,0.009846,43.49270153045654,False,,,28,a0127_00000,c83af81d3ee14410963e0234d555d0b4,2024-05-21_20-18-31,1716315511,1242.7830619812012,133012,Neptune,127.0.0.1,1242.7830619812012,0,28,0.015634536743164062
555656,29,43.59341025352478,2.559272527694702,0.1952150518243963,2.8452678067343578,0.13356744391577585,0.0098405,43.59341025352478,False,,,29,a0127_00000,c83af81d3ee14410963e0234d555d0b4,2024-05-21_20-19-14,1716315554,1286.376472234726,133012,Neptune,127.0.0.1,1286.376472234726,0,29,0.015634536743164062
555656,30,43.43991661071777,2.588735667142001,0.19452730092135342,2.8435073580060686,0.1788344042641776,0.009835,43.45565915107727,False,,,30,a0127_00000,c83af81d3ee14410963e0234d555d0b4,2024-05-21_20-19-58,1716315598,1329.8321313858032,133012,Neptune,127.0.0.1,1329.8321313858032,0,30,0.015634536743164062
555656,31,43.5115966796875,2.475316654552113,0.2059608589519154,2.917170422417777,0.17893212182181223,0.0098295,43.52152752876282,False,,,31,a0127_00000,c83af81d3ee14410963e0234d555d0b4,2024-05-21_20-20-41,1716315641,1373.353658914566,133012,Neptune,127.0.0.1,1373.353658914566,0,31,0.015634536743164062
555656,32,44.101412534713745,2.566891670227051,0.20756526426835495,2.8951834610530307,0.18524670600891113,0.009824000000000001,44.111377477645874,False,,,32,a0127_00000,c83af81d3ee14410963e0234d555d0b4,2024-05-21_20-21-25,1716315685,1417.465036392212,133012,Neptune,127.0.0.1,1417.465036392212,0,32,0.015634536743164062
555656,33,43.50117826461792,2.507646148855036,0.211844726042314,2.945283991949899,0.15617195197514125,0.0098185,43.50117826461792,False,,,33,a0127_00000,c83af81d3ee14410963e0234d555d0b4,2024-05-21_20-22-09,1716315729,1460.9662146568298,133012,Neptune,127.0.0.1,1460.9662146568298,0,33,0.015634536743164062
555656,34,43.78786826133728,2.6109420602971856,0.2117607376792214,2.849235568727766,0.19394557816641672,0.009813,43.78786826133728,False,,,34,a0127_00000,c83af81d3ee14410963e0234d555d0b4,2024-05-21_20-22-53,1716315773,1504.7540829181671,133012,Neptune,127.0.0.1,1504.7540829181671,0,34,0.015634536743164062
555656,35,43.35957622528076,2.580026691610163,0.21277603236111728,2.9968911579677036,0.18744269439152308,0.0098075,43.35957622528076,False,,,35,a0127_00000,c83af81d3ee14410963e0234d555d0b4,2024-05-21_20-23-36,1716315816,1548.1136591434479,133012,Neptune,127.0.0.1,1548.1136591434479,0,35,0.015634536743164062
555656,36,43.78755760192871,2.4978765574368564,0.21277085217562589,2.878573417663574,0.19741879190717423,0.009802,43.80311107635498,False,,,36,a0127_00000,c83af81d3ee14410963e0234d555d0b4,2024-05-21_20-24-20,1716315860,1591.9167702198029,133012,Neptune,127.0.0.1,1591.9167702198029,0,36,0.015634536743164062
555656,37,43.90677571296692,2.4947357827966865,0.21603493257002396,2.8554268905094693,0.18490670408521379,0.0097965,43.92878484725952,False,,,37,a0127_00000,c83af81d3ee14410963e0234d555d0b4,2024-05-21_20-25-04,1716315904,1635.8455550670624,133012,Neptune,127.0.0.1,1635.8455550670624,0,37,0.015634536743164062
555656,38,43.855626344680786,2.4507727839730005,0.2166736125946045,2.823823724474226,0.17991292476654053,0.009791,43.855626344680786,False,,,38,a0127_00000,c83af81d3ee14410963e0234d555d0b4,2024-05-21_20-25-48,1716315948,1679.7011814117432,133012,Neptune,127.0.0.1,1679.7011814117432,0,38,0.015634536743164062
555656,39,43.541807413101196,2.5216457627036353,0.2220397645776922,2.928719554628645,0.19536188670567103,0.0097855,43.55180644989014,False,,,39,a0127_00000,c83af81d3ee14410963e0234d555d0b4,2024-05-21_20-26-31,1716315991,1723.2529878616333,133012,Neptune,127.0.0.1,1723.2529878616333,0,39,0.015634536743164062
555656,40,43.63300371170044,2.4437466751445425,0.2270359992980957,2.867379937853132,0.19382977485656738,0.00978,43.64857339859009,False,,,40,a0127_00000,c83af81d3ee14410963e0234d555d0b4,2024-05-21_20-27-15,1716316035,1766.9015612602234,133012,Neptune,127.0.0.1,1766.9015612602234,0,40,0.015634536743164062
555656,41,43.85105895996094,2.498957547274503,0.2206118106842041,2.8499762330736433,0.2044069426400321,0.0097745,43.88639163970947,False,,,41,a0127_00000,c83af81d3ee14410963e0234d555d0b4,2024-05-21_20-27-59,1716316079,1810.7879528999329,133012,Neptune,127.0.0.1,1810.7879528999329,0,41,0.015634536743164062
555656,42,43.953885316848755,2.4989523887634277,0.22008369185707785,2.9092163017817905,0.19325017929077148,0.009769,43.96349787712097,False,,,42,a0127_00000,c83af81d3ee14410963e0234d555d0b4,2024-05-21_20-28-43,1716316123,1854.7514507770538,133012,Neptune,127.0.0.1,1854.7514507770538,0,42,0.015634536743164062
555656,43,43.72630333900452,2.484117551283403,0.2270477685061368,2.9057536465781078,0.19972397599901473,0.009763500000000001,43.739641427993774,False,,,43,a0127_00000,c83af81d3ee14410963e0234d555d0b4,2024-05-21_20-29-27,1716316167,1898.4910922050476,133012,Neptune,127.0.0.1,1898.4910922050476,0,43,0.015634536743164062
555656,44,43.77347993850708,2.4726050116799096,0.22778807986866345,2.815986463001796,0.2027926104409354,0.009758000000000001,43.77347993850708,False,,,44,a0127_00000,c83af81d3ee14410963e0234d555d0b4,2024-05-21_20-30-10,1716316210,1942.2645721435547,133012,Neptune,127.0.0.1,1942.2645721435547,0,44,0.015634536743164062
555656,45,47.39199495315552,2.4942122372713955,0.23356489701704544,2.9579409871782576,0.19027663980211532,0.009752499999999999,47.39199495315552,False,,,45,a0127_00000,c83af81d3ee14410963e0234d555d0b4,2024-05-21_20-30-58,1716316258,1989.6565670967102,133012,Neptune,127.0.0.1,1989.6565670967102,0,45,0.015634536743164062
555656,46,43.96258592605591,2.468381556597623,0.23314473845741965,2.7848611899784634,0.1810910361153739,0.009747,43.974095821380615,False,,,46,a0127_00000,c83af81d3ee14410963e0234d555d0b4,2024-05-21_20-31-42,1716316302,2033.6306629180908,133012,Neptune,127.0.0.1,2033.6306629180908,0,46,0.015634536743164062
555656,47,44.1129891872406,2.4728368412364614,0.22462315992875534,2.97869678906032,0.12685541595731462,0.0097415,44.12305426597595,False,,,47,a0127_00000,c83af81d3ee14410963e0234d555d0b4,2024-05-21_20-32-26,1716316346,2077.7537171840668,133012,Neptune,127.0.0.1,2077.7537171840668,0,47,0.015634536743164062
555656,48,43.60500383377075,2.4531756964596836,0.2338071736422452,2.7932516506740024,0.21929938452584402,0.009736,43.615116357803345,False,,,48,a0127_00000,c83af81d3ee14410963e0234d555d0b4,2024-05-21_20-33-09,1716316389,2121.36883354187,133012,Neptune,127.0.0.1,2121.36883354187,0,48,0.015634536743164062
555656,49,44.723265409469604,2.4343708861957896,0.2452561855316162,2.786916426249913,0.2120746374130249,0.0097305,44.7247314453125,False,,,49,a0127_00000,c83af81d3ee14410963e0234d555d0b4,2024-05-21_20-33-54,1716316434,2166.0935649871826,133012,Neptune,127.0.0.1,2166.0935649871826,0,49,0.015634536743164062
555656,50,44.232213497161865,2.4118632836775347,0.24232261831110175,2.687621900013515,0.24355065822601318,0.009725000000000001,44.232213497161865,False,,,50,a0127_00000,c83af81d3ee14410963e0234d555d0b4,2024-05-21_20-34-38,1716316478,2210.3257784843445,133012,Neptune,127.0.0.1,2210.3257784843445,0,50,0.015634536743164062
555656,51,44.05169177055359,2.465646353634921,0.2501733953302557,2.875308002744402,0.2190399169921875,0.0097195,44.056352853775024,False,,,51,a0127_00000,c83af81d3ee14410963e0234d555d0b4,2024-05-21_20-35-22,1716316522,2254.3821313381195,133012,Neptune,127.0.0.1,2254.3821313381195,0,51,0.015634536743164062
555656,52,44.238489866256714,2.440257440913807,0.25012152845209296,2.718508856637137,0.2332535641533988,0.009714,44.24382448196411,False,,,52,a0127_00000,c83af81d3ee14410963e0234d555d0b4,2024-05-21_20-36-07,1716316567,2298.6259558200836,133012,Neptune,127.0.0.1,2298.6259558200836,0,52,0.015634536743164062
555656,53,43.97264909744263,2.3943864648992363,0.2602022777904164,2.8558004243033275,0.18524301052093506,0.0097085,43.98264956474304,False,,,53,a0127_00000,c83af81d3ee14410963e0234d555d0b4,2024-05-21_20-36-51,1716316611,2342.6086053848267,133012,Neptune,127.0.0.1,2342.6086053848267,0,53,0.015634536743164062
555656,54,43.853153467178345,2.3666620471260766,0.25908517837524414,2.703036308288574,0.23988097054617746,0.009703000000000002,43.853153467178345,False,,,54,a0127_00000,c83af81d3ee14410963e0234d555d0b4,2024-05-21_20-37-34,1716316654,2386.461758852005,133012,Neptune,127.0.0.1,2386.461758852005,0,54,0.015634536743164062
555656,55,44.07988619804382,2.3635704083876177,0.25874116204001685,2.7812304496765137,0.213290878704616,0.0096975,44.07988619804382,False,,,55,a0127_00000,c83af81d3ee14410963e0234d555d0b4,2024-05-21_20-38-19,1716316699,2430.541645050049,133012,Neptune,127.0.0.1,2430.541645050049,0,55,0.015634536743164062
555656,56,43.52209544181824,2.3586870540272105,0.2625370675867254,2.9067467621394565,0.15729836055210658,0.009692,43.53765797615051,False,,,56,a0127_00000,c83af81d3ee14410963e0234d555d0b4,2024-05-21_20-39-02,1716316742,2474.0793030261993,133012,Neptune,127.0.0.1,2474.0793030261993,0,56,0.015634536743164062
555656,57,43.38688921928406,2.3925750255584717,0.2712244987487793,2.881836244038173,0.1570847715650286,0.0096865,43.38688921928406,False,,,57,a0127_00000,c83af81d3ee14410963e0234d555d0b4,2024-05-21_20-39-45,1716316785,2517.4661922454834,133012,Neptune,127.0.0.1,2517.4661922454834,0,57,0.015634536743164062
555656,58,43.78474187850952,2.3264038779518823,0.2822046496651389,2.8464322771344865,0.1659529209136963,0.009681,43.80029797554016,False,,,58,a0127_00000,c83af81d3ee14410963e0234d555d0b4,2024-05-21_20-40-29,1716316829,2561.2664902210236,133012,Neptune,127.0.0.1,2561.2664902210236,0,58,0.015634536743164062
555656,59,44.38358473777771,2.3169892701235684,0.27594087340615014,2.6647861003875732,0.2506588527134487,0.0096755,44.39921188354492,False,,,59,a0127_00000,c83af81d3ee14410963e0234d555d0b4,2024-05-21_20-41-14,1716316874,2605.6657021045685,133012,Neptune,127.0.0.1,2605.6657021045685,0,59,0.015634536743164062
555656,60,43.767035722732544,2.379226944663308,0.2795907367359508,2.8128152915409634,0.23159573759351457,0.00967,43.767035722732544,False,,,60,a0127_00000,c83af81d3ee14410963e0234d555d0b4,2024-05-21_20-41-57,1716316917,2649.432737827301,133012,Neptune,127.0.0.1,2649.432737827301,0,60,0.015634536743164062
555656,61,44.00734090805054,2.335090008648959,0.28808949210427026,2.7308264800480435,0.21380972862243652,0.009664500000000001,44.05295419692993,False,,,61,a0127_00000,c83af81d3ee14410963e0234d555d0b4,2024-05-21_20-42-42,1716316962,2693.485692024231,133012,Neptune,127.0.0.1,2693.485692024231,0,61,0.015634536743164062
555656,62,44.277260303497314,2.2917040478099477,0.2850502621043812,2.8309638840811595,0.16677980763571604,0.009659,44.287269830703735,False,,,62,a0127_00000,c83af81d3ee14410963e0234d555d0b4,2024-05-21_20-43-26,1716317006,2737.7729618549347,133012,Neptune,127.0.0.1,2737.7729618549347,0,62,0.015634536743164062
555656,63,44.487457513809204,2.282853776758367,0.2918441729112105,2.7334489481789723,0.2679655892508371,0.0096535,44.49753475189209,False,,,63,a0127_00000,c83af81d3ee14410963e0234d555d0b4,2024-05-21_20-44-10,1716317050,2782.270496606827,133012,Neptune,127.0.0.1,2782.270496606827,0,63,0.015634536743164062
555656,64,44.091758728027344,2.2820538607510654,0.31006780537691986,2.6988103730337962,0.2522928374154227,0.009648,44.11099576950073,False,,,64,a0127_00000,c83af81d3ee14410963e0234d555d0b4,2024-05-21_20-44-54,1716317094,2826.3814923763275,133012,Neptune,127.0.0.1,2826.3814923763275,0,64,0.015634536743164062
555656,65,44.57245135307312,2.305471897125244,0.3053400299765847,2.654759202684675,0.2641419342585972,0.0096425,44.57255411148071,False,,,65,a0127_00000,c83af81d3ee14410963e0234d555d0b4,2024-05-21_20-45-39,1716317139,2870.9540464878082,133012,Neptune,127.0.0.1,2870.9540464878082,0,65,0.015634536743164062
555656,66,45.02201199531555,2.216657291759144,0.3078427098014138,2.6136000837598528,0.266526392527989,0.009637,45.02201199531555,False,,,66,a0127_00000,c83af81d3ee14410963e0234d555d0b4,2024-05-21_20-46-24,1716317184,2915.976058483124,133012,Neptune,127.0.0.1,2915.976058483124,0,66,0.015634536743164062
555656,67,43.896947383880615,2.2564943486993965,0.3194062276320024,2.7346359321049283,0.25645903178623747,0.0096315,43.910054206848145,False,,,67,a0127_00000,c83af81d3ee14410963e0234d555d0b4,2024-05-21_20-47-08,1716317228,2959.886112689972,133012,Neptune,127.0.0.1,2959.886112689972,0,67,0.015634536743164062
555656,68,44.19644379615784,2.2406176653775303,0.31432676315307617,2.7284363337925504,0.27899484974997385,0.009626000000000001,44.21199131011963,False,,,68,a0127_00000,c83af81d3ee14410963e0234d555d0b4,2024-05-21_20-47-52,1716317272,3004.0981040000916,133012,Neptune,127.0.0.1,3004.0981040000916,0,68,0.015634536743164062
555656,69,44.14178967475891,2.2545024915175005,0.32503054358742456,2.7990291118621826,0.23728430271148682,0.0096205,44.15734148025513,False,,,69,a0127_00000,c83af81d3ee14410963e0234d555d0b4,2024-05-21_20-48-36,1716317316,3048.2554454803467,133012,Neptune,127.0.0.1,3048.2554454803467,0,69,0.015634536743164062
555656,70,44.76258611679077,2.1955587430433794,0.3330076824535023,2.7697849614279613,0.20487175668988908,0.009615,44.783167362213135,False,,,70,a0127_00000,c83af81d3ee14410963e0234d555d0b4,2024-05-21_20-49-21,1716317361,3093.03861284256,133012,Neptune,127.0.0.1,3093.03861284256,0,70,0.015634536743164062
555656,71,43.99849581718445,2.1849346594376997,0.32862927696921607,2.5554776872907365,0.2992453915732248,0.0096095,43.99849581718445,False,,,71,a0127_00000,c83af81d3ee14410963e0234d555d0b4,2024-05-21_20-50-05,1716317405,3137.0371086597443,133012,Neptune,127.0.0.1,3137.0371086597443,0,71,0.015634536743164062
555656,72,44.49118685722351,2.2024485631422563,0.3354467045177113,2.6649605206080844,0.2564178024019514,0.009604,44.50681185722351,False,,,72,a0127_00000,c83af81d3ee14410963e0234d555d0b4,2024-05-21_20-50-50,1716317450,3181.543920516968,133012,Neptune,127.0.0.1,3181.543920516968,0,72,0.015634536743164062
555656,73,44.27068328857422,2.1567191860892554,0.3400905999270352,2.6199897697993686,0.27092933654785156,0.0095985,44.28630208969116,False,,,73,a0127_00000,c83af81d3ee14410963e0234d555d0b4,2024-05-21_20-51-34,1716317494,3225.830222606659,133012,Neptune,127.0.0.1,3225.830222606659,0,73,0.015634536743164062
555656,74,43.991450548172,2.1685309410095215,0.34608799760991876,2.7284346989222934,0.220900365284511,0.009593,44.00708627700806,False,,,74,a0127_00000,c83af81d3ee14410963e0234d555d0b4,2024-05-21_20-52-18,1716317538,3269.837308883667,133012,Neptune,127.0.0.1,3269.837308883667,0,74,0.015634536743164062
555656,75,44.29281687736511,2.1378683393651787,0.35347919030623004,2.6261255741119385,0.30163962500435965,0.0095875,44.31014823913574,False,,,75,a0127_00000,c83af81d3ee14410963e0234d555d0b4,2024-05-21_20-53-02,1716317582,3314.1474571228027,133012,Neptune,127.0.0.1,3314.1474571228027,0,75,0.015634536743164062
555656,76,44.00511312484741,2.1469997709447686,0.34933801130814984,2.5693861416407993,0.3011318956102644,0.009582,44.00511312484741,False,,,76,a0127_00000,c83af81d3ee14410963e0234d555d0b4,2024-05-21_20-53-46,1716317626,3358.15257024765,133012,Neptune,127.0.0.1,3358.15257024765,0,76,0.015634536743164062
555656,77,44.74327635765076,2.0849329991774126,0.35624597289345483,2.737828050340925,0.2830986636025565,0.0095765,44.75884175300598,False,,,77,a0127_00000,c83af81d3ee14410963e0234d555d0b4,2024-05-21_20-54-31,1716317671,3402.911412000656,133012,Neptune,127.0.0.1,3402.911412000656,0,77,0.015634536743164062
555656,78,44.29303455352783,2.165461551059376,0.36009736494584516,2.569241762161255,0.2871232713971819,0.009571,44.29303455352783,False,,,78,a0127_00000,c83af81d3ee14410963e0234d555d0b4,2024-05-21_20-55-15,1716317715,3447.204446554184,133012,Neptune,127.0.0.1,3447.204446554184,0,78,0.015634536743164062
555656,79,44.80449414253235,2.103144884109497,0.3641530817205256,2.536367246082851,0.3277569498334612,0.009565500000000001,44.814491748809814,False,,,79,a0127_00000,c83af81d3ee14410963e0234d555d0b4,2024-05-21_20-56-00,1716317760,3492.018938302994,133012,Neptune,127.0.0.1,3492.018938302994,0,79,0.015634536743164062
555656,80,44.808762073516846,2.126853834499012,0.36097207936373626,2.4997524193355014,0.31542508942740305,0.009559999999999999,44.81876301765442,False,,,80,a0127_00000,c83af81d3ee14410963e0234d555d0b4,2024-05-21_20-56-45,1716317805,3536.837701320648,133012,Neptune,127.0.0.1,3536.837701320648,0,80,0.015634536743164062
555656,81,44.05027198791504,2.0903609449213203,0.3635901537808505,2.589162962777274,0.28125977516174316,0.0095545,44.0808424949646,False,,,81,a0127_00000,c83af81d3ee14410963e0234d555d0b4,2024-05-21_20-57-29,1716317849,3580.918543815613,133012,Neptune,127.0.0.1,3580.918543815613,0,81,0.015634536743164062
555656,82,44.72345423698425,2.096750920469111,0.37643319910222833,2.328787633350917,0.3790375164576939,0.009549,44.73908066749573,False,,,82,a0127_00000,c83af81d3ee14410963e0234d555d0b4,2024-05-21_20-58-14,1716317894,3625.6576244831085,133012,Neptune,127.0.0.1,3625.6576244831085,0,82,0.015634536743164062
555656,83,44.55935621261597,2.045320510864258,0.37310305508700287,2.475215264729091,0.32884291240147184,0.0095435,44.574978828430176,False,,,83,a0127_00000,c83af81d3ee14410963e0234d555d0b4,2024-05-21_20-58-58,1716317938,3670.2326033115387,133012,Neptune,127.0.0.1,3670.2326033115387,0,83,0.015634536743164062
555656,84,44.693273305892944,2.0393558090383355,0.3816012035716664,2.316972153527396,0.36828136444091797,0.009538,44.70966982841492,False,,,84,a0127_00000,c83af81d3ee14410963e0234d555d0b4,2024-05-21_20-59-43,1716317983,3714.9422731399536,133012,Neptune,127.0.0.1,3714.9422731399536,0,84,0.015634536743164062
555656,85,43.79293513298035,2.0259505835446445,0.3926514278758656,2.4020566259111678,0.3658440794263567,0.009532500000000001,43.802934646606445,False,,,85,a0127_00000,c83af81d3ee14410963e0234d555d0b4,2024-05-21_21-00-27,1716318027,3758.74520778656,133012,Neptune,127.0.0.1,3758.74520778656,0,85,0.015634536743164062
555656,86,44.32329249382019,2.092304663224654,0.3841310847889293,2.4280876772744313,0.3791606766836984,0.009527,44.33321571350098,False,,,86,a0127_00000,c83af81d3ee14410963e0234d555d0b4,2024-05-21_21-01-11,1716318071,3803.078423500061,133012,Neptune,127.0.0.1,3803.078423500061,0,86,0.015634536743164062
555656,87,44.58019804954529,1.9630430069836704,0.4057204940102317,2.361006600516183,0.372462340763637,0.0095215,44.58019804954529,False,,,87,a0127_00000,c83af81d3ee14410963e0234d555d0b4,2024-05-21_21-01-56,1716318116,3847.6586215496063,133012,Neptune,127.0.0.1,3847.6586215496063,0,87,0.015634536743164062
555656,88,44.19284462928772,1.9802873893217607,0.4113932089372115,2.3549955231802806,0.36450488226754324,0.009516,44.20960307121277,False,,,88,a0127_00000,c83af81d3ee14410963e0234d555d0b4,2024-05-21_21-02-40,1716318160,3891.868224620819,133012,Neptune,127.0.0.1,3891.868224620819,0,88,0.015634536743164062
555656,89,44.44536876678467,2.0134834484620527,0.4048572453585538,2.551391908100673,0.30379159109933035,0.0095105,44.46092247962952,False,,,89,a0127_00000,c83af81d3ee14410963e0234d555d0b4,2024-05-21_21-03-24,1716318204,3936.3291471004486,133012,Neptune,127.0.0.1,3936.3291471004486,0,89,0.015634536743164062
555656,90,44.401747703552246,1.9538416103883223,0.4144834171641957,2.3170815195356096,0.37982610293797087,0.009505,44.4064724445343,False,,,90,a0127_00000,c83af81d3ee14410963e0234d555d0b4,2024-05-21_21-04-09,1716318249,3980.735619544983,133012,Neptune,127.0.0.1,3980.735619544983,0,90,0.015634536743164062
555656,91,44.133572578430176,1.9135276946154507,0.4114984165538441,2.4723238945007324,0.3522559234074184,0.0094995,44.143566846847534,False,,,91,a0127_00000,c83af81d3ee14410963e0234d555d0b4,2024-05-21_21-04-53,1716318293,4024.8791863918304,133012,Neptune,127.0.0.1,4024.8791863918304,0,91,0.015634536743164062
555656,92,44.30908727645874,1.9316840930418535,0.4122160564769398,2.3631299563816617,0.3599832739148821,0.009494,44.3247127532959,False,,,92,a0127_00000,c83af81d3ee14410963e0234d555d0b4,2024-05-21_21-05-37,1716318337,4069.2038991451263,133012,Neptune,127.0.0.1,4069.2038991451263,0,92,0.015634536743164062
555656,93,44.55032753944397,1.9742775505239314,0.41285228729248047,2.2955116544451033,0.37582346371241976,0.0094885,44.55032753944397,False,,,93,a0127_00000,c83af81d3ee14410963e0234d555d0b4,2024-05-21_21-06-22,1716318382,4113.75422668457,133012,Neptune,127.0.0.1,4113.75422668457,0,93,0.015634536743164062
555656,94,44.1595618724823,1.8575769879601218,0.4182770468971946,2.1937890223094394,0.4078491074698312,0.009483,44.17527365684509,False,,,94,a0127_00000,c83af81d3ee14410963e0234d555d0b4,2024-05-21_21-07-06,1716318426,4157.929500341415,133012,Neptune,127.0.0.1,4157.929500341415,0,94,0.015634536743164062
555656,95,44.63480615615845,1.8413472392342307,0.43776460127397016,2.2710760491234914,0.42525601387023926,0.0094775,44.644874572753906,False,,,95,a0127_00000,c83af81d3ee14410963e0234d555d0b4,2024-05-21_21-07-51,1716318471,4202.574374914169,133012,Neptune,127.0.0.1,4202.574374914169,0,95,0.015634536743164062
555656,96,44.171403646469116,1.8877133239399304,0.44465450807051227,2.2508037430899486,0.3960552896772112,0.009472000000000001,44.181403160095215,False,,,96,a0127_00000,c83af81d3ee14410963e0234d555d0b4,2024-05-21_21-08-35,1716318515,4246.7557780742645,133012,Neptune,127.0.0.1,4246.7557780742645,0,96,0.015634536743164062
555656,97,44.61969017982483,1.8725516470995816,0.43574961748990143,2.086644802774702,0.4429722854069301,0.009466500000000001,44.61969017982483,False,,,97,a0127_00000,c83af81d3ee14410963e0234d555d0b4,2024-05-21_21-09-19,1716318559,4291.375468254089,133012,Neptune,127.0.0.1,4291.375468254089,0,97,0.015634536743164062
555656,98,43.845999240875244,1.871726014397361,0.446628830649636,2.220787422997611,0.41403320857456755,0.009460999999999999,43.862568855285645,False,,,98,a0127_00000,c83af81d3ee14410963e0234d555d0b4,2024-05-21_21-10-03,1716318603,4335.238037109375,133012,Neptune,127.0.0.1,4335.238037109375,0,98,0.015634536743164062
555656,99,44.49728751182556,1.8502876650203357,0.44787159833041107,2.093613794871739,0.43011556352887836,0.0094555,44.51289463043213,False,,,99,a0127_00000,c83af81d3ee14410963e0234d555d0b4,2024-05-21_21-10-48,1716318648,4379.750931739807,133012,Neptune,127.0.0.1,4379.750931739807,0,99,0.015634536743164062
555656,100,46.18130302429199,1.851996194232594,0.4493354450572621,2.107237253870283,0.43262498719351633,0.00945,46.18130302429199,False,,,100,a0127_00000,c83af81d3ee14410963e0234d555d0b4,2024-05-21_21-11-34,1716318694,4425.932234764099,133012,Neptune,127.0.0.1,4425.932234764099,0,100,0.015634536743164062
555656,101,46.06526064872742,1.7658920288085938,0.4669932452115146,2.047824365752084,0.455068622316633,0.0094445,46.11512231826782,False,,,101,a0127_00000,c83af81d3ee14410963e0234d555d0b4,2024-05-21_21-12-20,1716318740,4472.047357082367,133012,Neptune,127.0.0.1,4472.047357082367,0,101,0.015634536743164062
555656,102,46.07712125778198,1.798207326368852,0.44604951685125177,2.089276841708592,0.44437544686453684,0.009439,46.08713245391846,False,,,102,a0127_00000,c83af81d3ee14410963e0234d555d0b4,2024-05-21_21-13-06,1716318786,4518.134489536285,133012,Neptune,127.0.0.1,4518.134489536285,0,102,0.015634536743164062
555656,103,45.56025433540344,1.7542402310804888,0.47199301286177203,2.079612578664507,0.4678983007158552,0.009433500000000001,45.57033848762512,False,,,103,a0127_00000,c83af81d3ee14410963e0234d555d0b4,2024-05-21_21-13-52,1716318832,4563.7048280239105,133012,Neptune,127.0.0.1,4563.7048280239105,0,103,0.015634536743164062
555656,104,45.450368881225586,1.7394267537377097,0.4776384613730691,2.049093859536307,0.4582603318350656,0.009428,45.450368881225586,False,,,104,a0127_00000,c83af81d3ee14410963e0234d555d0b4,2024-05-21_21-14-37,1716318877,4609.155196905136,133012,Neptune,127.0.0.1,4609.155196905136,0,104,0.015634536743164062
555656,105,45.441070556640625,1.7534023523330688,0.4768366380171342,2.0463271822248186,0.47804692813328337,0.0094225,45.45212411880493,False,,,105,a0127_00000,c83af81d3ee14410963e0234d555d0b4,2024-05-21_21-15-23,1716318923,4654.607321023941,133012,Neptune,127.0.0.1,4654.607321023941,0,105,0.015634536743164062
555656,106,45.878780364990234,1.7491207231174817,0.4965460517189719,1.9964788470949446,0.492591312953404,0.009417,45.878780364990234,False,,,106,a0127_00000,c83af81d3ee14410963e0234d555d0b4,2024-05-21_21-16-09,1716318969,4700.486101388931,133012,Neptune,127.0.0.1,4700.486101388931,0,106,0.015634536743164062
555656,107,46.30155897140503,1.7473229711705989,0.4844476959922097,1.9936486312321253,0.47307232448032926,0.009411500000000001,46.31718397140503,False,,,107,a0127_00000,c83af81d3ee14410963e0234d555d0b4,2024-05-21_21-16-55,1716319015,4746.803285360336,133012,Neptune,127.0.0.1,4746.803285360336,0,107,0.015634536743164062
555656,108,45.859516859054565,1.6886866742914373,0.48845477537675336,1.9451862062726701,0.5010760511670794,0.009406,45.878559827804565,False,,,108,a0127_00000,c83af81d3ee14410963e0234d555d0b4,2024-05-21_21-17-41,1716319061,4792.681845188141,133012,Neptune,127.0.0.1,4792.681845188141,0,108,0.015634536743164062
555656,109,45.9397976398468,1.686518289826133,0.49567174911499023,1.9696203810828072,0.4883569989885603,0.009400500000000001,45.9519898891449,False,,,109,a0127_00000,c83af81d3ee14410963e0234d555d0b4,2024-05-21_21-18-27,1716319107,4838.633835077286,133012,Neptune,127.0.0.1,4838.633835077286,0,109,0.015634536743164062
555656,110,45.415383100509644,1.6829620383002541,0.4955798929387873,2.0505493027823314,0.4679023878914969,0.009395,45.434871196746826,False,,,110,a0127_00000,c83af81d3ee14410963e0234d555d0b4,2024-05-21_21-19-12,1716319152,4884.068706274033,133012,Neptune,127.0.0.1,4884.068706274033,0,110,0.015634536743164062
555656,111,45.63023781776428,1.670359568162398,0.49432988600297406,1.9447652442114693,0.48432912145342144,0.0093895,45.64016246795654,False,,,111,a0127_00000,c83af81d3ee14410963e0234d555d0b4,2024-05-21_21-19-58,1716319198,4929.708868741989,133012,Neptune,127.0.0.1,4929.708868741989,0,111,0.015634536743164062
555656,112,44.79326629638672,1.6733272509141401,0.49676795439286664,1.8938447407313757,0.5092663083757673,0.009384,44.814059257507324,False,,,112,a0127_00000,c83af81d3ee14410963e0234d555d0b4,2024-05-21_21-20-43,1716319243,4974.5229279994965,133012,Neptune,127.0.0.1,4974.5229279994965,0,112,0.015634536743164062
555656,113,45.94733667373657,1.6269563869996504,0.5032887892289595,1.8599442413875036,0.513484137398856,0.0093785,45.96294188499451,False,,,113,a0127_00000,c83af81d3ee14410963e0234d555d0b4,2024-05-21_21-21-29,1716319289,5020.485869884491,133012,Neptune,127.0.0.1,5020.485869884491,0,113,0.015634536743164062
555656,114,45.38495421409607,1.6425155076113613,0.5210054570978339,1.8656455789293562,0.4970332554408482,0.009373000000000001,45.3950400352478,False,,,114,a0127_00000,c83af81d3ee14410963e0234d555d0b4,2024-05-21_21-22-14,1716319334,5065.880909919739,133012,Neptune,127.0.0.1,5065.880909919739,0,114,0.015634536743164062
555656,115,45.5437912940979,1.5970500924370505,0.5272358981045809,1.8773126091275896,0.5008157321384975,0.009367499999999999,45.5437912940979,False,,,115,a0127_00000,c83af81d3ee14410963e0234d555d0b4,2024-05-21_21-22-59,1716319379,5111.424701213837,133012,Neptune,127.0.0.1,5111.424701213837,0,115,0.015634536743164062
555656,116,45.57958769798279,1.5964350592006336,0.5299282073974609,1.7888539688927787,0.539635147367205,0.009362,45.590413331985474,False,,,116,a0127_00000,c83af81d3ee14410963e0234d555d0b4,2024-05-21_21-23-45,1716319425,5157.015114545822,133012,Neptune,127.0.0.1,5157.015114545822,0,116,0.015634536743164062
555656,117,45.37245273590088,1.5268956531177869,0.5481978329745206,1.8140016453606742,0.5106498854500907,0.0093565,45.37245273590088,False,,,117,a0127_00000,c83af81d3ee14410963e0234d555d0b4,2024-05-21_21-24-30,1716319470,5202.387567281723,133012,Neptune,127.0.0.1,5202.387567281723,0,117,0.015634536743164062
555656,118,45.968005418777466,1.5364323637702249,0.5428752899169922,1.8393350839614868,0.526292255946568,0.009351,45.97801160812378,False,,,118,a0127_00000,c83af81d3ee14410963e0234d555d0b4,2024-05-21_21-25-16,1716319516,5248.365578889847,133012,Neptune,127.0.0.1,5248.365578889847,0,118,0.015634536743164062
555656,119,45.64797830581665,1.500271970575506,0.5486910993402655,1.9774160725729806,0.4891394887651716,0.0093455,45.66376757621765,False,,,119,a0127_00000,c83af81d3ee14410963e0234d555d0b4,2024-05-21_21-26-02,1716319562,5294.029346466064,133012,Neptune,127.0.0.1,5294.029346466064,0,119,0.015634536743164062
555656,120,46.02534055709839,1.5414294763044878,0.5376509753140536,1.8879194940839494,0.48318181719098774,0.00934,46.02534055709839,False,,,120,a0127_00000,c83af81d3ee14410963e0234d555d0b4,2024-05-21_21-26-48,1716319608,5340.054687023163,133012,Neptune,127.0.0.1,5340.054687023163,0,120,0.015634536743164062
555656,121,45.79140377044678,1.501689694144509,0.5523340051824396,1.876435569354466,0.5174887180328369,0.0093345,45.82150602340698,False,,,121,a0127_00000,c83af81d3ee14410963e0234d555d0b4,2024-05-21_21-27-34,1716319654,5385.87619304657,133012,Neptune,127.0.0.1,5385.87619304657,0,121,0.015634536743164062
555656,122,46.40912222862244,1.5294016166166826,0.547987244345925,1.8286528757640295,0.5314748287200928,0.009329,46.40912222862244,False,,,122,a0127_00000,c83af81d3ee14410963e0234d555d0b4,2024-05-21_21-28-20,1716319700,5432.285315275192,133012,Neptune,127.0.0.1,5432.285315275192,0,122,0.015634536743164062
555656,123,45.19737243652344,1.5206047296524048,0.5566874417391691,1.8690976415361678,0.5186301640101841,0.0093235,45.19737243652344,False,,,123,a0127_00000,c83af81d3ee14410963e0234d555d0b4,2024-05-21_21-29-06,1716319746,5477.482687711716,133012,Neptune,127.0.0.1,5477.482687711716,0,123,0.015634536743164062
555656,124,45.88615131378174,1.517512245611711,0.5595491149208762,1.761889866420201,0.5426938874380929,0.009318,45.896129846572876,False,,,124,a0127_00000,c83af81d3ee14410963e0234d555d0b4,2024-05-21_21-29-51,1716319791,5523.378817558289,133012,Neptune,127.0.0.1,5523.378817558289,0,124,0.015634536743164062
555656,125,45.39711856842041,1.520284576849504,0.5488817908547141,1.7906609603336878,0.5372438430786133,0.0093125,45.404754400253296,False,,,125,a0127_00000,c83af81d3ee14410963e0234d555d0b4,2024-05-21_21-30-37,1716319837,5568.783571958542,133012,Neptune,127.0.0.1,5568.783571958542,0,125,0.015634536743164062
555656,126,44.76044011116028,1.4993660666725852,0.5367242639715021,1.725835987499782,0.5424353054591587,0.009307,44.7705192565918,False,,,126,a0127_00000,c83af81d3ee14410963e0234d555d0b4,2024-05-21_21-31-22,1716319882,5613.554091215134,133012,Neptune,127.0.0.1,5613.554091215134,0,126,0.015634536743164062
555656,127,45.73187828063965,1.4512705911289563,0.5672881386496804,1.805934957095555,0.5191318988800049,0.0093015,45.74194049835205,False,,,127,a0127_00000,c83af81d3ee14410963e0234d555d0b4,2024-05-21_21-32-07,1716319927,5659.296031713486,133012,Neptune,127.0.0.1,5659.296031713486,0,127,0.015634536743164062
555656,128,45.430511236190796,1.495898582718589,0.5684808384288441,1.71449043069567,0.5487185205732074,0.009296,45.443440437316895,False,,,128,a0127_00000,c83af81d3ee14410963e0234d555d0b4,2024-05-21_21-32-53,1716319973,5704.739472150803,133012,Neptune,127.0.0.1,5704.739472150803,0,128,0.015634536743164062
555656,129,45.354753732681274,1.450853629545732,0.5644741058349609,1.7498086861201696,0.5284992626735142,0.0092905,45.364675521850586,False,,,129,a0127_00000,c83af81d3ee14410963e0234d555d0b4,2024-05-21_21-33-38,1716320018,5750.104147672653,133012,Neptune,127.0.0.1,5750.104147672653,0,129,0.015634536743164062
555656,130,45.231220960617065,1.4438555674119429,0.5700820142572577,1.7595630373273576,0.5370698996952602,0.009285,45.24122214317322,False,,,130,a0127_00000,c83af81d3ee14410963e0234d555d0b4,2024-05-21_21-34-23,1716320063,5795.345369815826,133012,Neptune,127.0.0.1,5795.345369815826,0,130,0.015634536743164062
555656,131,45.13477802276611,1.4492574388330632,0.5753132213245739,1.7573235716138567,0.5466194834027972,0.009279500000000001,45.13477802276611,False,,,131,a0127_00000,c83af81d3ee14410963e0234d555d0b4,2024-05-21_21-35-09,1716320109,5840.4801478385925,133012,Neptune,127.0.0.1,5840.4801478385925,0,131,0.015634536743164062
555656,132,45.61535286903381,1.466675173152577,0.5698059255426581,1.7787316867283411,0.5292309011731829,0.009274000000000001,45.61535286903381,False,,,132,a0127_00000,c83af81d3ee14410963e0234d555d0b4,2024-05-21_21-35-54,1716320154,5886.095500707626,133012,Neptune,127.0.0.1,5886.095500707626,0,132,0.015634536743164062
555656,133,45.03227686882019,1.434866645119407,0.5714383992281827,1.7110022817339217,0.5677246025630406,0.009268499999999999,45.03227686882019,False,,,133,a0127_00000,c83af81d3ee14410963e0234d555d0b4,2024-05-21_21-36-39,1716320199,5931.1277775764465,133012,Neptune,127.0.0.1,5931.1277775764465,0,133,0.015634536743164062
555656,134,45.71753478050232,1.4096031297336926,0.5842970501292836,1.6642255783081055,0.5666193962097168,0.009263,45.727537870407104,False,,,134,a0127_00000,c83af81d3ee14410963e0234d555d0b4,2024-05-21_21-37-25,1716320245,5976.855315446854,133012,Neptune,127.0.0.1,5976.855315446854,0,134,0.015634536743164062
555656,135,46.53696846961975,1.451553929935802,0.5797159455039285,1.7208638531821114,0.5455224514007568,0.0092575,46.53696846961975,False,,,135,a0127_00000,c83af81d3ee14410963e0234d555d0b4,2024-05-21_21-38-11,1716320291,6023.392283916473,133012,Neptune,127.0.0.1,6023.392283916473,0,135,0.015634536743164062
555656,136,44.885342836380005,1.3710706667466597,0.5901140733198686,1.6322169644492013,0.5796964509146554,0.009252,44.89535093307495,False,,,136,a0127_00000,c83af81d3ee14410963e0234d555d0b4,2024-05-21_21-38-56,1716320336,6068.287634849548,133012,Neptune,127.0.0.1,6068.287634849548,0,136,0.015634536743164062
555656,137,45.329750776290894,1.3924510695717551,0.5965289202603427,1.6757641860416956,0.5729986599513462,0.0092465,45.333313941955566,False,,,137,a0127_00000,c83af81d3ee14410963e0234d555d0b4,2024-05-21_21-39-42,1716320382,6113.620948791504,133012,Neptune,127.0.0.1,6113.620948791504,0,137,0.015634536743164062
555656,138,46.086965560913086,1.33832585811615,0.598718296397816,1.691358310835702,0.5710772446223668,0.009241000000000001,46.10253620147705,False,,,138,a0127_00000,c83af81d3ee14410963e0234d555d0b4,2024-05-21_21-40-28,1716320428,6159.723484992981,133012,Neptune,127.0.0.1,6159.723484992981,0,138,0.015634536743164062
555656,139,45.191797733306885,1.316422776742415,0.6128308122808283,1.6074675832475935,0.5899865967886788,0.0092355,45.191797733306885,False,,,139,a0127_00000,c83af81d3ee14410963e0234d555d0b4,2024-05-21_21-41-13,1716320473,6204.915282726288,133012,Neptune,127.0.0.1,6204.915282726288,0,139,0.015634536743164062
555656,140,45.79240012168884,1.3477362936193293,0.6025039932944558,1.6028553758348738,0.5898989268711635,0.00923,45.79240012168884,False,,,140,a0127_00000,c83af81d3ee14410963e0234d555d0b4,2024-05-21_21-41-59,1716320519,6250.707682847977,133012,Neptune,127.0.0.1,6250.707682847977,0,140,0.015634536743164062
555656,141,45.61718416213989,1.3570483055981724,0.6084138263355602,1.6654326915740967,0.5637787750789097,0.0092245,45.657867670059204,False,,,141,a0127_00000,c83af81d3ee14410963e0234d555d0b4,2024-05-21_21-42-44,1716320564,6296.365550518036,133012,Neptune,127.0.0.1,6296.365550518036,0,141,0.015634536743164062
555656,142,45.482383489608765,1.345249522816051,0.5981593565507368,1.6499186243329729,0.5543478557041713,0.009219,45.49966359138489,False,,,142,a0127_00000,c83af81d3ee14410963e0234d555d0b4,2024-05-21_21-43-30,1716320610,6341.865214109421,133012,Neptune,127.0.0.1,6341.865214109421,0,142,0.015634536743164062
555656,143,46.52333617210388,1.3421292413364758,0.6084980531172319,1.6439790725708008,0.5835507256644112,0.0092135,46.53333592414856,False,,,143,a0127_00000,c83af81d3ee14410963e0234d555d0b4,2024-05-21_21-44-16,1716320656,6388.398550033569,133012,Neptune,127.0.0.1,6388.398550033569,0,143,0.015634536743164062
555656,144,45.4444797039032,1.3350256031209773,0.6114953647960316,1.6220816714423043,0.5803012847900391,0.009208,45.45455551147461,False,,,144,a0127_00000,c83af81d3ee14410963e0234d555d0b4,2024-05-21_21-45-02,1716320702,6433.853105545044,133012,Neptune,127.0.0.1,6433.853105545044,0,144,0.015634536743164062
555656,145,45.377445936203,1.3131229443983599,0.6175192486156117,1.609588861465454,0.5826531818934849,0.0092025,45.377445936203,False,,,145,a0127_00000,c83af81d3ee14410963e0234d555d0b4,2024-05-21_21-45-47,1716320747,6479.230551481247,133012,Neptune,127.0.0.1,6479.230551481247,0,145,0.015634536743164062
555656,146,46.17560362815857,1.2931615981188687,0.6154017014936968,1.6226936749049596,0.5942060606820243,0.009197,46.18553805351257,False,,,146,a0127_00000,c83af81d3ee14410963e0234d555d0b4,2024-05-21_21-46-33,1716320793,6525.4160895347595,133012,Neptune,127.0.0.1,6525.4160895347595,0,146,0.015634536743164062
555656,147,45.374579191207886,1.3186226866462014,0.6188097867098722,1.6208855424608504,0.5923475537981305,0.0091915,45.384578466415405,False,,,147,a0127_00000,c83af81d3ee14410963e0234d555d0b4,2024-05-21_21-47-19,1716320839,6570.800668001175,133012,Neptune,127.0.0.1,6570.800668001175,0,147,0.015634536743164062
555656,148,46.00897932052612,1.2929011583328247,0.6231320121071555,1.5741382156099593,0.6043092863900321,0.009186,46.026729583740234,False,,,148,a0127_00000,c83af81d3ee14410963e0234d555d0b4,2024-05-21_21-48-05,1716320885,6616.827397584915,133012,Neptune,127.0.0.1,6616.827397584915,0,148,0.015634536743164062
555656,149,46.43982815742493,1.3043787371028552,0.6200434511358087,1.5539002759116036,0.6044370787484306,0.009180500000000001,46.44882869720459,False,,,149,a0127_00000,c83af81d3ee14410963e0234d555d0b4,2024-05-21_21-48-51,1716320931,6663.27622628212,133012,Neptune,127.0.0.1,6663.27622628212,0,149,0.015634536743164062
555656,150,45.70343542098999,1.2676090760664507,0.6256438168612394,1.632750391960144,0.5970386096409389,0.009175,45.72898244857788,False,,,150,a0127_00000,c83af81d3ee14410963e0234d555d0b4,2024-05-21_21-49-37,1716320977,6709.005208730698,133012,Neptune,127.0.0.1,6709.005208730698,0,150,0.015634536743164062
555656,151,46.45404028892517,1.2868341640992598,0.62994215705178,1.6212951115199499,0.5916968073163714,0.0091695,46.45404028892517,False,,,151,a0127_00000,c83af81d3ee14410963e0234d555d0b4,2024-05-21_21-50-23,1716321023,6755.459249019623,133012,Neptune,127.0.0.1,6755.459249019623,0,151,0.015634536743164062
555656,152,45.74613070487976,1.2594299858266658,0.6366095542907715,1.5713857582637243,0.610910143171038,0.009164,45.76571536064148,False,,,152,a0127_00000,c83af81d3ee14410963e0234d555d0b4,2024-05-21_21-51-09,1716321069,6801.224964380264,133012,Neptune,127.0.0.1,6801.224964380264,0,152,0.015634536743164062
555656,153,45.95282173156738,1.278094551780007,0.6314125928011808,1.6208350317818778,0.6002479280744281,0.0091585,45.96281695365906,False,,,153,a0127_00000,c83af81d3ee14410963e0234d555d0b4,2024-05-21_21-51-55,1716321115,6847.187781333923,133012,Neptune,127.0.0.1,6847.187781333923,0,153,0.015634536743164062
555656,154,46.15291452407837,1.263962279666554,0.6332798871127042,1.5727408272879464,0.6026363372802734,0.009153,46.165765047073364,False,,,154,a0127_00000,c83af81d3ee14410963e0234d555d0b4,2024-05-21_21-52-41,1716321161,6893.353546380997,133012,Neptune,127.0.0.1,6893.353546380997,0,154,0.015634536743164062
555656,155,45.42596125602722,1.2294601635499434,0.6375292864712802,1.5684255531855993,0.6150835582188198,0.0091475,45.44159555435181,False,,,155,a0127_00000,c83af81d3ee14410963e0234d555d0b4,2024-05-21_21-53-27,1716321207,6938.7951419353485,133012,Neptune,127.0.0.1,6938.7951419353485,0,155,0.015634536743164062
555656,156,45.1530327796936,1.2443732565099543,0.6333618597550825,1.5445463827678136,0.5910854339599609,0.009142,45.17351055145264,False,,,156,a0127_00000,c83af81d3ee14410963e0234d555d0b4,2024-05-21_21-54-12,1716321252,6983.968652486801,133012,Neptune,127.0.0.1,6983.968652486801,0,156,0.015634536743164062
555656,157,46.16076898574829,1.287371039390564,0.6293812665072355,1.5159649167742049,0.6200105803353446,0.0091365,46.16076898574829,False,,,157,a0127_00000,c83af81d3ee14410963e0234d555d0b4,2024-05-21_21-54-58,1716321298,7030.129421472549,133012,Neptune,127.0.0.1,7030.129421472549,0,157,0.015634536743164062
555656,158,45.86450409889221,1.244900573383678,0.6379033001986417,1.5925647020339966,0.5999819210597447,0.009131,45.86450409889221,False,,,158,a0127_00000,c83af81d3ee14410963e0234d555d0b4,2024-05-21_21-55-44,1716321344,7075.993925571442,133012,Neptune,127.0.0.1,7075.993925571442,0,158,0.015634536743164062
555656,159,45.731606006622314,1.2318906513127414,0.6407771544022993,1.510365435055324,0.6220826421465192,0.0091255,45.747225284576416,False,,,159,a0127_00000,c83af81d3ee14410963e0234d555d0b4,2024-05-21_21-56-30,1716321390,7121.741150856018,133012,Neptune,127.0.0.1,7121.741150856018,0,159,0.015634536743164062
555656,160,46.68900179862976,1.2241660248149524,0.64428879997947,1.4874780348369054,0.6320135252816337,0.009120000000000001,46.69950079917908,False,,,160,a0127_00000,c83af81d3ee14410963e0234d555d0b4,2024-05-21_21-57-16,1716321436,7168.440651655197,133012,Neptune,127.0.0.1,7168.440651655197,0,160,0.015634536743164062
555656,161,46.54272103309631,1.2246620871803977,0.6521451256491921,1.4962990624564034,0.6276138850620815,0.0091145,46.58826398849487,False,,,161,a0127_00000,c83af81d3ee14410963e0234d555d0b4,2024-05-21_21-58-03,1716321483,7215.028915643692,133012,Neptune,127.0.0.1,7215.028915643692,0,161,0.015634536743164062
555656,162,45.45729899406433,1.220256881280379,0.6531557603315874,1.4854787247521537,0.6240378788539341,0.009109,45.467294216156006,False,,,162,a0127_00000,c83af81d3ee14410963e0234d555d0b4,2024-05-21_21-58-49,1716321529,7260.496209859848,133012,Neptune,127.0.0.1,7260.496209859848,0,162,0.015634536743164062
555656,163,45.55585837364197,1.1906455484303562,0.6587167219682173,1.5077441590172904,0.6189900125776019,0.0091035,45.57156229019165,False,,,163,a0127_00000,c83af81d3ee14410963e0234d555d0b4,2024-05-21_21-59-34,1716321574,7306.06777215004,133012,Neptune,127.0.0.1,7306.06777215004,0,163,0.015634536743164062
555656,164,46.13744282722473,1.1791789640079846,0.6557519652626731,1.5593624114990234,0.6254401206970215,0.009098,46.13744282722473,False,,,164,a0127_00000,c83af81d3ee14410963e0234d555d0b4,2024-05-21_22-00-20,1716321620,7352.205214977264,133012,Neptune,127.0.0.1,7352.205214977264,0,164,0.015634536743164062
555656,165,45.54209661483765,1.220372362570329,0.6563004146922718,1.4456576279231481,0.6431925637381417,0.0090925,45.552014112472534,False,,,165,a0127_00000,c83af81d3ee14410963e0234d555d0b4,2024-05-21_22-01-06,1716321666,7397.757229089737,133012,Neptune,127.0.0.1,7397.757229089737,0,165,0.015634536743164062
555656,166,45.4884192943573,1.1960648081519387,0.658131252635609,1.5025297573634557,0.6348134449550084,0.009087,45.4884192943573,False,,,166,a0127_00000,c83af81d3ee14410963e0234d555d0b4,2024-05-21_22-01-51,1716321711,7443.245648384094,133012,Neptune,127.0.0.1,7443.245648384094,0,166,0.015634536743164062
555656,167,46.14236330986023,1.199206373908303,0.661140962080522,1.4611835990633284,0.6367314883640834,0.009081500000000001,46.14336371421814,False,,,167,a0127_00000,c83af81d3ee14410963e0234d555d0b4,2024-05-21_22-02-37,1716321757,7489.389012098312,133012,Neptune,127.0.0.1,7489.389012098312,0,167,0.015634536743164062
555656,168,45.72709846496582,1.1657958951863376,0.6699523058804598,1.4912372827529907,0.6305052893502372,0.009075999999999999,45.73645234107971,False,,,168,a0127_00000,c83af81d3ee14410963e0234d555d0b4,2024-05-21_22-03-23,1716321803,7535.125464439392,133012,Neptune,127.0.0.1,7535.125464439392,0,168,0.015634536743164062
555656,169,47.551056146621704,1.1950295242396267,0.6634765104814009,1.4303864070347376,0.6310689108712333,0.0090705,47.551056146621704,False,,,169,a0127_00000,c83af81d3ee14410963e0234d555d0b4,2024-05-21_22-04-11,1716321851,7582.676520586014,133012,Neptune,127.0.0.1,7582.676520586014,0,169,0.015634536743164062
555656,170,46.09940719604492,1.1537662094289607,0.66650897806341,1.418996044567653,0.6495821135384696,0.009065,46.09940719604492,False,,,170,a0127_00000,c83af81d3ee14410963e0234d555d0b4,2024-05-21_22-04-57,1716321897,7628.775927782059,133012,Neptune,127.0.0.1,7628.775927782059,0,170,0.015634536743164062
555656,171,45.738948822021484,1.1842324571176008,0.6739637634970925,1.467260548046657,0.642772947038923,0.0090595,45.75445580482483,False,,,171,a0127_00000,c83af81d3ee14410963e0234d555d0b4,2024-05-21_22-05-43,1716321943,7674.5303835868835,133012,Neptune,127.0.0.1,7674.5303835868835,0,171,0.015634536743164062
555656,172,45.901540756225586,1.1623622612519697,0.6714659604159269,1.4513381378991264,0.6472457477024623,0.009054,45.91302275657654,False,,,172,a0127_00000,c83af81d3ee14410963e0234d555d0b4,2024-05-21_22-06-28,1716321988,7720.44340634346,133012,Neptune,127.0.0.1,7720.44340634346,0,172,0.015634536743164062
555656,173,46.25243520736694,1.161308310248635,0.6789179281754927,1.422610146658761,0.6616888046264648,0.009048500000000001,46.25243520736694,False,,,173,a0127_00000,c83af81d3ee14410963e0234d555d0b4,2024-05-21_22-07-15,1716322035,7766.695841550827,133012,Neptune,127.0.0.1,7766.695841550827,0,173,0.015634536743164062
555656,174,47.842459201812744,1.147139159115878,0.6700271259654652,1.463130031313215,0.6391334533691406,0.009043,47.85248613357544,False,,,174,a0127_00000,c83af81d3ee14410963e0234d555d0b4,2024-05-21_22-08-03,1716322083,7814.5483276844025,133012,Neptune,127.0.0.1,7814.5483276844025,0,174,0.015634536743164062
555656,175,45.50554132461548,1.1582228270444004,0.6772502985867587,1.430202739579337,0.6590732165745327,0.0090375,45.51856064796448,False,,,175,a0127_00000,c83af81d3ee14410963e0234d555d0b4,2024-05-21_22-08-48,1716322128,7860.066888332367,133012,Neptune,127.0.0.1,7860.066888332367,0,175,0.015634536743164062
555656,176,45.50269532203674,1.115545240315524,0.6811350909146395,1.4338734320231847,0.6535935401916504,0.009032,45.5126576423645,False,,,176,a0127_00000,c83af81d3ee14410963e0234d555d0b4,2024-05-21_22-09-34,1716322174,7905.579545974731,133012,Neptune,127.0.0.1,7905.579545974731,0,176,0.015634536743164062
555656,177,46.535019397735596,1.1438716758381238,0.6832134073430841,1.3686726263591222,0.662917069026402,0.0090265,46.54662275314331,False,,,177,a0127_00000,c83af81d3ee14410963e0234d555d0b4,2024-05-21_22-10-20,1716322220,7952.126168727875,133012,Neptune,127.0.0.1,7952.126168727875,0,177,0.015634536743164062
555656,178,45.99731373786926,1.1197575276548213,0.6906349875710227,1.3965586083275932,0.6541825703212193,0.009021,45.99731373786926,False,,,178,a0127_00000,c83af81d3ee14410963e0234d555d0b4,2024-05-21_22-11-06,1716322266,7998.123482465744,133012,Neptune,127.0.0.1,7998.123482465744,0,178,0.015634536743164062
555656,179,45.12763524055481,1.113790674643083,0.6875313412059437,1.3709558929715837,0.6673195021493095,0.0090155,45.14319086074829,False,,,179,a0127_00000,c83af81d3ee14410963e0234d555d0b4,2024-05-21_22-11-51,1716322311,8043.266673326492,133012,Neptune,127.0.0.1,8043.266673326492,0,179,0.015634536743164062
555656,180,45.296629190444946,1.0910448106852444,0.6940398649735884,1.4101436308452062,0.665095329284668,0.00901,45.296629190444946,False,,,180,a0127_00000,c83af81d3ee14410963e0234d555d0b4,2024-05-21_22-12-37,1716322357,8088.563302516937,133012,Neptune,127.0.0.1,8088.563302516937,0,180,0.015634536743164062
555656,181,46.090044021606445,1.0968534512953325,0.6818286722356622,1.4156378167016166,0.6567904608590263,0.0090045,46.13011384010315,False,,,181,a0127_00000,c83af81d3ee14410963e0234d555d0b4,2024-05-21_22-13-23,1716322403,8134.69341635704,133012,Neptune,127.0.0.1,8134.69341635704,0,181,0.015634536743164062
555656,182,45.10466909408569,1.1115453947674145,0.6906703602183949,1.432566727910723,0.6383781433105469,0.008999,45.11637568473816,False,,,182,a0127_00000,c83af81d3ee14410963e0234d555d0b4,2024-05-21_22-14-08,1716322448,8179.809792041779,133012,Neptune,127.0.0.1,8179.809792041779,0,182,0.015634536743164062
555656,183,45.068700313568115,1.0919549790295688,0.6937338655645197,1.4363877262387956,0.656442505972726,0.0089935,45.07872295379639,False,,,183,a0127_00000,c83af81d3ee14410963e0234d555d0b4,2024-05-21_22-14-53,1716322493,8224.888514995575,133012,Neptune,127.0.0.1,8224.888514995575,0,183,0.015634536743164062
555656,184,45.69290494918823,1.091029004617171,0.6878884055397727,1.4107005596160889,0.6679457255772182,0.008988000000000001,45.70154595375061,False,,,184,a0127_00000,c83af81d3ee14410963e0234d555d0b4,2024-05-21_22-15-39,1716322539,8270.590060949326,133012,Neptune,127.0.0.1,8270.590060949326,0,184,0.015634536743164062
555656,185,45.13979744911194,1.0707463459535078,0.6869381124323065,1.3645832538604736,0.6696955817086356,0.008982500000000001,45.13979744911194,False,,,185,a0127_00000,c83af81d3ee14410963e0234d555d0b4,2024-05-21_22-16-24,1716322584,8315.729858398438,133012,Neptune,127.0.0.1,8315.729858398438,0,185,0.015634536743164062
555656,186,45.41162657737732,1.0359368541023948,0.7011082822626288,1.3569350583212716,0.6828831263950893,0.008976999999999999,45.42155385017395,False,,,186,a0127_00000,c83af81d3ee14410963e0234d555d0b4,2024-05-21_22-17-09,1716322629,8361.151412248611,133012,Neptune,127.0.0.1,8361.151412248611,0,186,0.015634536743164062
555656,187,45.476932764053345,1.0797805948690935,0.6971651424061168,1.3223021371023995,0.6715636253356934,0.0089715,45.48893094062805,False,,,187,a0127_00000,c83af81d3ee14410963e0234d555d0b4,2024-05-21_22-17-55,1716322675,8406.64034318924,133012,Neptune,127.0.0.1,8406.64034318924,0,187,0.015634536743164062
555656,188,45.177751779556274,1.0911859382282605,0.7044631351124157,1.4472145182745797,0.6517410959516253,0.008966,45.18104076385498,False,,,188,a0127_00000,c83af81d3ee14410963e0234d555d0b4,2024-05-21_22-18-40,1716322720,8451.821383953094,133012,Neptune,127.0.0.1,8451.821383953094,0,188,0.015634536743164062
555656,189,45.2751100063324,1.0448552857745776,0.702771316875111,1.3415282453809465,0.6746790068490165,0.0089605,45.2751100063324,False,,,189,a0127_00000,c83af81d3ee14410963e0234d555d0b4,2024-05-21_22-19-25,1716322765,8497.096493959427,133012,Neptune,127.0.0.1,8497.096493959427,0,189,0.015634536743164062
555656,190,45.29174613952637,1.058552866632288,0.7094135284423828,1.386543529374259,0.6799630437578473,0.008955,45.30174231529236,False,,,190,a0127_00000,c83af81d3ee14410963e0234d555d0b4,2024-05-21_22-20-10,1716322810,8542.39823627472,133012,Neptune,127.0.0.1,8542.39823627472,0,190,0.015634536743164062
555656,191,45.835582971572876,1.053536360914057,0.706681641665372,1.3587721075330461,0.6767356055123466,0.0089495,45.85058784484863,False,,,191,a0127_00000,c83af81d3ee14410963e0234d555d0b4,2024-05-21_22-20-56,1716322856,8588.248824119568,133012,Neptune,127.0.0.1,8588.248824119568,0,191,0.015634536743164062
555656,192,45.353609561920166,1.0728694254701787,0.6950776360251687,1.3464942489351546,0.6738401821681431,0.008944,45.363527059555054,False,,,192,a0127_00000,c83af81d3ee14410963e0234d555d0b4,2024-05-21_22-21-42,1716322902,8633.612351179123,133012,Neptune,127.0.0.1,8633.612351179123,0,192,0.015634536743164062
555656,193,45.146679401397705,1.0840130014853044,0.7055248780684038,1.2945577246802193,0.6769509996686663,0.0089385,45.146679401397705,False,,,193,a0127_00000,c83af81d3ee14410963e0234d555d0b4,2024-05-21_22-22-27,1716322947,8678.75903058052,133012,Neptune,127.0.0.1,8678.75903058052,0,193,0.015634536743164062
555656,194,46.37053632736206,1.0302039005539634,0.7068296779285778,1.291964820453099,0.7000174522399902,0.008933,46.38074445724487,False,,,194,a0127_00000,c83af81d3ee14410963e0234d555d0b4,2024-05-21_22-23-13,1716322993,8725.139775037766,133012,Neptune,127.0.0.1,8725.139775037766,0,194,0.015634536743164062
555656,195,45.850302934646606,1.0448494174263694,0.7097867618907582,1.3604581356048584,0.6697788919721331,0.008927500000000001,45.86606240272522,False,,,195,a0127_00000,c83af81d3ee14410963e0234d555d0b4,2024-05-21_22-23-59,1716323039,8771.00583744049,133012,Neptune,127.0.0.1,8771.00583744049,0,195,0.015634536743164062
555656,196,44.88050150871277,1.0447109612551602,0.7091794013977051,1.3151123353413172,0.6797617503574916,0.008922,44.88146448135376,False,,,196,a0127_00000,c83af81d3ee14410963e0234d555d0b4,2024-05-21_22-24-44,1716323084,8815.887301921844,133012,Neptune,127.0.0.1,8815.887301921844,0,196,0.015634536743164062
555656,197,45.03853464126587,1.0406322099945762,0.7063934152776544,1.3578760453632899,0.6700036866324288,0.0089165,45.045751094818115,False,,,197,a0127_00000,c83af81d3ee14410963e0234d555d0b4,2024-05-21_22-25-29,1716323129,8860.933053016663,133012,Neptune,127.0.0.1,8860.933053016663,0,197,0.015634536743164062
555656,198,46.316478967666626,1.0380526022477583,0.7138508883389559,1.3113563231059484,0.6863025937761579,0.008911,46.33847117424011,False,,,198,a0127_00000,c83af81d3ee14410963e0234d555d0b4,2024-05-21_22-26-15,1716323175,8907.271524190903,133012,Neptune,127.0.0.1,8907.271524190903,0,198,0.015634536743164062
555656,199,45.557944774627686,1.0067476305094631,0.711802525953813,1.2815816743033273,0.7033028602600098,0.0089055,45.57349991798401,False,,,199,a0127_00000,c83af81d3ee14410963e0234d555d0b4,2024-05-21_22-27-01,1716323221,8952.845024108887,133012,Neptune,127.0.0.1,8952.845024108887,0,199,0.015634536743164062
555656,200,46.71450209617615,1.036311301318082,0.71454871784557,1.328561544418335,0.6856092044285366,0.0089,46.73013925552368,False,,,200,a0127_00000,c83af81d3ee14410963e0234d555d0b4,2024-05-21_22-27-48,1716323268,8999.57516336441,133012,Neptune,127.0.0.1,8999.57516336441,0,200,0.015634536743164062
555656,201,45.63574576377869,1.0598287690769543,0.7049975828690962,1.2644613810947962,0.6990037645612445,0.0088945,45.68733334541321,False,,,201,a0127_00000,c83af81d3ee14410963e0234d555d0b4,2024-05-21_22-28-33,1716323313,9045.262496709824,133012,Neptune,127.0.0.1,9045.262496709824,0,201,0.015634536743164062
555656,202,45.640843629837036,1.0041390332308682,0.7216772166165438,1.3363677433558874,0.6757268224443708,0.008889000000000001,45.64882516860962,False,,,202,a0127_00000,c83af81d3ee14410963e0234d555d0b4,2024-05-21_22-29-19,1716323359,9090.911321878433,133012,Neptune,127.0.0.1,9090.911321878433,0,202,0.015634536743164062
555656,203,47.68351626396179,0.9930903640660372,0.719500021501021,1.2678053038460868,0.6980616705758231,0.0088835,47.693503856658936,False,,,203,a0127_00000,c83af81d3ee14410963e0234d555d0b4,2024-05-21_22-30-07,1716323407,9138.604825735092,133012,Neptune,127.0.0.1,9138.604825735092,0,203,0.015634536743164062
555656,204,47.21411061286926,1.0423398234627463,0.7211660038341176,1.2925323929105486,0.699347904750279,0.008878,47.2240788936615,False,,,204,a0127_00000,c83af81d3ee14410963e0234d555d0b4,2024-05-21_22-30-54,1716323454,9185.828904628754,133012,Neptune,127.0.0.1,9185.828904628754,0,204,0.015634536743164062
555656,205,45.30864930152893,0.9901735511693087,0.7312416596846147,1.2828518663133894,0.6934642791748047,0.0088725,45.32428002357483,False,,,205,a0127_00000,c83af81d3ee14410963e0234d555d0b4,2024-05-21_22-31-39,1716323499,9231.153184652328,133012,Neptune,127.0.0.1,9231.153184652328,0,205,0.015634536743164062
555656,206,45.18694829940796,1.0258684158325195,0.7211835167624734,1.324238623891558,0.6916253907339913,0.008867,45.20415282249451,False,,,206,a0127_00000,c83af81d3ee14410963e0234d555d0b4,2024-05-21_22-32-24,1716323544,9276.357337474823,133012,Neptune,127.0.0.1,9276.357337474823,0,206,0.015634536743164062
555656,207,45.902164459228516,1.0023517229340293,0.7264327135953036,1.2648561682019914,0.7013006891523089,0.0088615,45.910863399505615,False,,,207,a0127_00000,c83af81d3ee14410963e0234d555d0b4,2024-05-21_22-33-10,1716323590,9322.268200874329,133012,Neptune,127.0.0.1,9322.268200874329,0,207,0.015634536743164062
555656,208,47.581095695495605,1.0109351060607217,0.7278407703746449,1.293975898197719,0.6885677065168109,0.008856,47.58931565284729,False,,,208,a0127_00000,c83af81d3ee14410963e0234d555d0b4,2024-05-21_22-33-58,1716323638,9369.857516527176,133012,Neptune,127.0.0.1,9369.857516527176,0,208,0.015634536743164062
555656,209,46.20285654067993,1.0133847973563455,0.7226445891640403,1.2183988094329834,0.7158501488821847,0.0088505,46.21839499473572,False,,,209,a0127_00000,c83af81d3ee14410963e0234d555d0b4,2024-05-21_22-34-44,1716323684,9416.075911521912,133012,Neptune,127.0.0.1,9416.075911521912,0,209,0.015634536743164062
555656,210,45.480894565582275,1.0135020342740146,0.721664775501598,1.3069860083716256,0.6954811641148159,0.008845,45.480894565582275,False,,,210,a0127_00000,c83af81d3ee14410963e0234d555d0b4,2024-05-21_22-35-30,1716323730,9461.556806087494,133012,Neptune,127.0.0.1,9461.556806087494,0,210,0.015634536743164062
555656,211,46.32182836532593,1.0124062462286516,0.721407110040838,1.28242860521589,0.7032523836408343,0.0088395,46.33189821243286,False,,,211,a0127_00000,c83af81d3ee14410963e0234d555d0b4,2024-05-21_22-36-16,1716323776,9507.888704299927,133012,Neptune,127.0.0.1,9507.888704299927,0,211,0.015634536743164062
555656,212,46.643757343292236,1.00539108839902,0.7264418601989746,1.276107634816851,0.7069249834333148,0.008834,46.65931463241577,False,,,212,a0127_00000,c83af81d3ee14410963e0234d555d0b4,2024-05-21_22-37-03,1716323823,9554.548018932343,133012,Neptune,127.0.0.1,9554.548018932343,0,212,0.015634536743164062
555656,213,46.99371862411499,0.9696818102489818,0.7429301521994851,1.217835511480059,0.7145983832223075,0.008828500000000001,47.00372338294983,False,,,213,a0127_00000,c83af81d3ee14410963e0234d555d0b4,2024-05-21_22-37-50,1716323870,9601.551742315292,133012,Neptune,127.0.0.1,9601.551742315292,0,213,0.015634536743164062
555656,214,45.098106384277344,0.9376140345226635,0.7378758517178622,1.3056106907980782,0.6943642752511161,0.008823,45.1081109046936,False,,,214,a0127_00000,c83af81d3ee14410963e0234d555d0b4,2024-05-21_22-38-35,1716323915,9646.659853219986,133012,Neptune,127.0.0.1,9646.659853219986,0,214,0.015634536743164062
555656,215,42.838756799697876,0.96818054264242,0.7311833121559836,1.2294379813330514,0.7163662229265485,0.0088175,42.85432243347168,False,,,215,a0127_00000,c83af81d3ee14410963e0234d555d0b4,2024-05-21_22-39-18,1716323958,9689.514175653458,133012,Neptune,127.0.0.1,9689.514175653458,0,215,0.015634536743164062
555656,216,43.20919132232666,1.0192970525134692,0.7176896442066539,1.2255669661930628,0.7070649691990444,0.008812,43.21919918060303,False,,,216,a0127_00000,c83af81d3ee14410963e0234d555d0b4,2024-05-21_22-40-01,1716324001,9732.73337483406,133012,Neptune,127.0.0.1,9732.73337483406,0,216,0.015634536743164062
555656,217,45.65800142288208,1.0113727721300991,0.7195307558233087,1.3227275439671107,0.6837282861982074,0.0088065,45.66439127922058,False,,,217,a0127_00000,c83af81d3ee14410963e0234d555d0b4,2024-05-21_22-40-46,1716324046,9778.397766113281,133012,Neptune,127.0.0.1,9778.397766113281,0,217,0.015634536743164062
555656,218,45.04622483253479,1.0403168201446533,0.7168091427196156,1.2723095076424735,0.7040229524884906,0.008801,45.04622483253479,False,,,218,a0127_00000,c83af81d3ee14410963e0234d555d0b4,2024-05-21_22-41-31,1716324091,9823.443990945816,133012,Neptune,127.0.0.1,9823.443990945816,0,218,0.015634536743164062
555656,219,44.32676959037781,0.9965069998394359,0.7164800817316229,1.3137576580047607,0.6751694679260254,0.008795500000000001,44.32676959037781,False,,,219,a0127_00000,c83af81d3ee14410963e0234d555d0b4,2024-05-21_22-42-16,1716324136,9867.770760536194,133012,Neptune,127.0.0.1,9867.770760536194,0,219,0.015634536743164062
555656,220,44.465380907058716,0.9992950558662415,0.7265422560951926,1.2752988508769445,0.6999289648873466,0.008790000000000001,44.475475549697876,False,,,220,a0127_00000,c83af81d3ee14410963e0234d555d0b4,2024-05-21_22-43-00,1716324180,9912.246236085892,133012,Neptune,127.0.0.1,9912.246236085892,0,220,0.015634536743164062
555656,221,45.52668881416321,0.9847514900294217,0.7321925596757368,1.2802765028817313,0.7101278305053711,0.008784499999999999,45.57363224029541,False,,,221,a0127_00000,c83af81d3ee14410963e0234d555d0b4,2024-05-21_22-43-46,1716324226,9957.819868326187,133012,Neptune,127.0.0.1,9957.819868326187,0,221,0.015634536743164062
555656,222,44.69441032409668,1.0047039010308005,0.7353193109685724,1.2835384266717094,0.7028021131243024,0.008779,44.70997929573059,False,,,222,a0127_00000,c83af81d3ee14410963e0234d555d0b4,2024-05-21_22-44-31,1716324271,10002.529847621918,133012,Neptune,127.0.0.1,10002.529847621918,0,222,0.015634536743164062
555656,223,44.39100241661072,0.9747505513104525,0.7411533702503551,1.2669942378997803,0.7139890534537179,0.0087735,44.401002407073975,False,,,223,a0127_00000,c83af81d3ee14410963e0234d555d0b4,2024-05-21_22-45-15,1716324315,10046.930850028992,133012,Neptune,127.0.0.1,10046.930850028992,0,223,0.015634536743164062
555656,224,45.56544065475464,0.9807020750912753,0.7315438877452504,1.2681318862097604,0.6997961316789899,0.008768,45.581029176712036,False,,,224,a0127_00000,c83af81d3ee14410963e0234d555d0b4,2024-05-21_22-46-01,1716324361,10092.511879205704,133012,Neptune,127.0.0.1,10092.511879205704,0,224,0.015634536743164062
555656,225,45.786335945129395,0.9712307128039274,0.7387374531139027,1.222065908568246,0.7192743165152413,0.0087625,45.796324491500854,False,,,225,a0127_00000,c83af81d3ee14410963e0234d555d0b4,2024-05-21_22-46-46,1716324406,10138.308203697205,133012,Neptune,127.0.0.1,10138.308203697205,0,225,0.015634536743164062
555656,226,44.920642375946045,0.9434044848788868,0.7451819506558505,1.2724213259560722,0.7048130716596331,0.008757000000000001,44.920642375946045,False,,,226,a0127_00000,c83af81d3ee14410963e0234d555d0b4,2024-05-21_22-47-31,1716324451,10183.22884607315,133012,Neptune,127.0.0.1,10183.22884607315,0,226,0.015634536743164062
555656,227,45.30604958534241,0.9349943020127036,0.7446600307117809,1.2748493296759469,0.7009549822126117,0.0087515,45.3131308555603,False,,,227,a0127_00000,c83af81d3ee14410963e0234d555d0b4,2024-05-21_22-48-17,1716324497,10228.541976928711,133012,Neptune,127.0.0.1,10228.541976928711,0,227,0.015634536743164062
555656,228,44.59949350357056,0.9120593504472212,0.7466375177556818,1.231760995728629,0.7126924651009696,0.008746,44.60949492454529,False,,,228,a0127_00000,c83af81d3ee14410963e0234d555d0b4,2024-05-21_22-49-01,1716324541,10273.151471853256,133012,Neptune,127.0.0.1,10273.151471853256,0,228,0.015634536743164062
555656,229,43.922311782836914,0.9350056539882313,0.7495509927923029,1.1669119937079293,0.7355715887887138,0.0087405,43.932324171066284,False,,,229,a0127_00000,c83af81d3ee14410963e0234d555d0b4,2024-05-21_22-49-45,1716324585,10317.083796024323,133012,Neptune,127.0.0.1,10317.083796024323,0,229,0.015634536743164062
555656,230,44.19441628456116,0.9350105903365395,0.7569398880004883,1.2185256310871668,0.7170013019016811,0.008735,44.204413652420044,False,,,230,a0127_00000,c83af81d3ee14410963e0234d555d0b4,2024-05-21_22-50-29,1716324629,10361.288209676743,133012,Neptune,127.0.0.1,10361.288209676743,0,230,0.015634536743164062
555656,231,45.37514328956604,0.9088639616966248,0.7511358261108398,1.209282057625907,0.7107318469456264,0.0087295,45.38309025764465,False,,,231,a0127_00000,c83af81d3ee14410963e0234d555d0b4,2024-05-21_22-51-15,1716324675,10406.671299934387,133012,Neptune,127.0.0.1,10406.671299934387,0,231,0.015634536743164062
555656,232,44.141679525375366,0.9226207408038053,0.7555943402377042,1.2320984772273473,0.715484482901437,0.008724,44.15728187561035,False,,,232,a0127_00000,c83af81d3ee14410963e0234d555d0b4,2024-05-21_22-51-59,1716324719,10450.828581809998,133012,Neptune,127.0.0.1,10450.828581809998,0,232,0.015634536743164062
555656,233,43.839025020599365,0.9153045795180581,0.7517629103227095,1.2150102853775024,0.7197013582502093,0.0087185,43.85007429122925,False,,,233,a0127_00000,c83af81d3ee14410963e0234d555d0b4,2024-05-21_22-52-43,1716324763,10494.678656101227,133012,Neptune,127.0.0.1,10494.678656101227,0,233,0.015634536743164062
555656,234,43.652570486068726,0.9227771162986755,0.7578097256747159,1.191653779574803,0.7305478368486676,0.008713,43.66256833076477,False,,,234,a0127_00000,c83af81d3ee14410963e0234d555d0b4,2024-05-21_22-53-26,1716324806,10538.341224431992,133012,Neptune,127.0.0.1,10538.341224431992,0,234,0.015634536743164062
555656,235,44.739497661590576,0.9046891927719116,0.7629965868863192,1.1797693456922258,0.734053339276995,0.0087075,44.739497661590576,False,,,235,a0127_00000,c83af81d3ee14410963e0234d555d0b4,2024-05-21_22-54-11,1716324851,10583.080722093582,133012,Neptune,127.0.0.1,10583.080722093582,0,235,0.015634536743164062
555656,236,43.78296375274658,0.9174914847720753,0.756048549305309,1.2108763456344604,0.7138402121407645,0.008702,43.79858469963074,False,,,236,a0127_00000,c83af81d3ee14410963e0234d555d0b4,2024-05-21_22-54-55,1716324895,10626.879306793213,133012,Neptune,127.0.0.1,10626.879306793213,0,236,0.015634536743164062
555656,237,44.027278423309326,0.8800423416224393,0.7603121670809659,1.2301867008209229,0.7197531972612653,0.008696500000000001,44.045994997024536,False,,,237,a0127_00000,c83af81d3ee14410963e0234d555d0b4,2024-05-21_22-55-39,1716324939,10670.925301790237,133012,Neptune,127.0.0.1,10670.925301790237,0,237,0.015634536743164062
555656,238,44.15184164047241,0.9091105190190402,0.7572467110373757,1.222886221749442,0.7202343259538923,0.008691,44.15925145149231,False,,,238,a0127_00000,c83af81d3ee14410963e0234d555d0b4,2024-05-21_22-56-23,1716324983,10715.08455324173,133012,Neptune,127.0.0.1,10715.08455324173,0,238,0.015634536743164062
555656,239,44.9685640335083,0.9004815816879272,0.7624551599675958,1.2358543021338326,0.7167667661394391,0.008685499999999999,44.9685640335083,False,,,239,a0127_00000,c83af81d3ee14410963e0234d555d0b4,2024-05-21_22-57-08,1716325028,10760.053117275238,133012,Neptune,127.0.0.1,10760.053117275238,0,239,0.015634536743164062
555656,240,45.4830207824707,0.9157089753584429,0.7628525820645419,1.2596699340002877,0.7007412229265485,0.00868,45.494747161865234,False,,,240,a0127_00000,c83af81d3ee14410963e0234d555d0b4,2024-05-21_22-57-54,1716325074,10805.547864437103,133012,Neptune,127.0.0.1,10805.547864437103,0,240,0.015634536743164062
555656,241,43.89652371406555,0.925478691404516,0.7509033029729669,1.2150435617991857,0.7133925982883998,0.0086745,43.927762508392334,False,,,241,a0127_00000,c83af81d3ee14410963e0234d555d0b4,2024-05-21_22-58-38,1716325118,10849.475626945496,133012,Neptune,127.0.0.1,10849.475626945496,0,241,0.015634536743164062
555656,242,44.09032368659973,0.9291759675199335,0.7587513490156694,1.1713645713669913,0.7362901142665318,0.008669,44.11240220069885,False,,,242,a0127_00000,c83af81d3ee14410963e0234d555d0b4,2024-05-21_22-59-22,1716325162,10893.588029146194,133012,Neptune,127.0.0.1,10893.588029146194,0,242,0.015634536743164062
555656,243,44.06847620010376,0.8870537768710743,0.7609166232022372,1.2009868792125158,0.730229241507394,0.0086635,44.06847620010376,False,,,243,a0127_00000,c83af81d3ee14410963e0234d555d0b4,2024-05-21_23-00-06,1716325206,10937.656505346298,133012,Neptune,127.0.0.1,10937.656505346298,0,243,0.015634536743164062
555656,244,43.61301016807556,0.8849359859119762,0.7611963098699396,1.1896237560680933,0.7373732158115932,0.008658,43.62292551994324,False,,,244,a0127_00000,c83af81d3ee14410963e0234d555d0b4,2024-05-21_23-00-49,1716325249,10981.279430866241,133012,Neptune,127.0.0.1,10981.279430866241,0,244,0.015634536743164062
555656,245,45.09099841117859,0.8924889022653754,0.771652568470348,1.1698094946997506,0.7366961751665387,0.0086525,45.10716438293457,False,,,245,a0127_00000,c83af81d3ee14410963e0234d555d0b4,2024-05-21_23-01-34,1716325294,11026.386595249176,133012,Neptune,127.0.0.1,11026.386595249176,0,245,0.015634536743164062
555656,246,44.42012929916382,0.8870947631922635,0.7684144106778231,1.2296219042369299,0.714240550994873,0.008647,44.42784523963928,False,,,246,a0127_00000,c83af81d3ee14410963e0234d555d0b4,2024-05-21_23-02-19,1716325339,11070.814440488815,133012,Neptune,127.0.0.1,11070.814440488815,0,246,0.015634536743164062
555656,247,44.16040325164795,0.9120883833278309,0.7586596228859641,1.1221124700137548,0.7410560335431781,0.0086415,44.16040325164795,False,,,247,a0127_00000,c83af81d3ee14410963e0234d555d0b4,2024-05-21_23-03-03,1716325383,11114.974843740463,133012,Neptune,127.0.0.1,11114.974843740463,0,247,0.015634536743164062
555656,248,44.205730676651,0.8812498016790911,0.7656493620439009,1.156731264931815,0.7438526153564453,0.008636000000000001,44.22135663032532,False,,,248,a0127_00000,c83af81d3ee14410963e0234d555d0b4,2024-05-21_23-03-47,1716325427,11159.196200370789,133012,Neptune,127.0.0.1,11159.196200370789,0,248,0.015634536743164062
555656,249,45.93168878555298,0.887755583633076,0.766402851451527,1.1731007610048567,0.7287109919956752,0.0086305,45.93168878555298,False,,,249,a0127_00000,c83af81d3ee14410963e0234d555d0b4,2024-05-21_23-04-33,1716325473,11205.127889156342,133012,Neptune,127.0.0.1,11205.127889156342,0,249,0.015634536743164062
555656,250,44.188294887542725,0.8608550917018544,0.7699502598155629,1.1826266220637731,0.7293930053710938,0.008625,44.188294887542725,False,,,250,a0127_00000,c83af81d3ee14410963e0234d555d0b4,2024-05-21_23-05-17,1716325517,11249.316184043884,133012,Neptune,127.0.0.1,11249.316184043884,0,250,0.015634536743164062
555656,251,44.21784448623657,0.8787914081053301,0.7700055729259144,1.1578250782830375,0.7389742306300572,0.0086195,44.23343896865845,False,,,251,a0127_00000,c83af81d3ee14410963e0234d555d0b4,2024-05-21_23-06-02,1716325562,11293.549623012543,133012,Neptune,127.0.0.1,11293.549623012543,0,251,0.015634536743164062
555656,252,44.02752995491028,0.8848799738016996,0.7760651328346946,1.1570465820176261,0.7385482106889997,0.008614,44.03533458709717,False,,,252,a0127_00000,c83af81d3ee14410963e0234d555d0b4,2024-05-21_23-06-46,1716325606,11337.58495759964,133012,Neptune,127.0.0.1,11337.58495759964,0,252,0.015634536743164062
555656,253,43.96473264694214,0.8699673034928062,0.7708691683682528,1.16074800491333,0.7271410397120884,0.0086085,43.96473264694214,False,,,253,a0127_00000,c83af81d3ee14410963e0234d555d0b4,2024-05-21_23-07-30,1716325650,11381.549690246582,133012,Neptune,127.0.0.1,11381.549690246582,0,253,0.015634536743164062
555656,254,45.189751625061035,0.8931063684550199,0.7645375511863015,1.156161333833422,0.7458274705069405,0.008603000000000001,45.19083094596863,False,,,254,a0127_00000,c83af81d3ee14410963e0234d555d0b4,2024-05-21_23-08-15,1716325695,11426.74052119255,133012,Neptune,127.0.0.1,11426.74052119255,0,254,0.015634536743164062
555656,255,44.07275629043579,0.8649873462590304,0.7671262567693536,1.200426697731018,0.7232859475272042,0.008597500000000001,44.07275629043579,False,,,255,a0127_00000,c83af81d3ee14410963e0234d555d0b4,2024-05-21_23-08-59,1716325739,11470.813277482986,133012,Neptune,127.0.0.1,11470.813277482986,0,255,0.015634536743164062
555656,256,43.697553873062134,0.884716429493644,0.769536018371582,1.1427595445087977,0.7474851608276367,0.008592,43.71311807632446,False,,,256,a0127_00000,c83af81d3ee14410963e0234d555d0b4,2024-05-21_23-09-43,1716325783,11514.526395559311,133012,Neptune,127.0.0.1,11514.526395559311,0,256,0.015634536743164062
555656,257,44.2461998462677,0.8827369538220492,0.7722032720392401,1.143116295337677,0.7365610940115792,0.0085865,44.26700758934021,False,,,257,a0127_00000,c83af81d3ee14410963e0234d555d0b4,2024-05-21_23-10-27,1716325827,11558.793403148651,133012,Neptune,127.0.0.1,11558.793403148651,0,257,0.015634536743164062
555656,258,45.358208656311035,0.8866767883300781,0.7688231901689009,1.1551268100738525,0.7417450632367816,0.008581,45.373841524124146,False,,,258,a0127_00000,c83af81d3ee14410963e0234d555d0b4,2024-05-21_23-11-12,1716325872,11604.167244672775,133012,Neptune,127.0.0.1,11604.167244672775,0,258,0.015634536743164062
555656,259,43.92083382606506,0.8608914613723755,0.7771003896539862,1.1734613520758492,0.7287495476858956,0.0085755,43.930901527404785,False,,,259,a0127_00000,c83af81d3ee14410963e0234d555d0b4,2024-05-21_23-11-56,1716325916,11648.09814620018,133012,Neptune,127.0.0.1,11648.09814620018,0,259,0.015634536743164062
555656,260,107.8618893623352,0.8753029920838096,0.7690290971235796,1.1455824971199036,0.7366227422441755,0.00857,107.87854743003845,False,,,260,a0127_00000,c83af81d3ee14410963e0234d555d0b4,2024-05-21_23-13-44,1716326024,11755.976693630219,133012,Neptune,127.0.0.1,11755.976693630219,0,260,0.015634536743164062
555656,261,48.149152517318726,0.8768737045201388,0.7752300609241832,1.1807122911725725,0.7407377787998745,0.0085645,48.19913125038147,False,,,261,a0127_00000,c83af81d3ee14410963e0234d555d0b4,2024-05-21_23-14-32,1716326072,11804.1758248806,133012,Neptune,127.0.0.1,11804.1758248806,0,261,0.015634536743164062
555656,262,43.943655490875244,0.8663444789973173,0.7774999791925604,1.1275082571165902,0.7531884057181222,0.008559,43.953665256500244,False,,,262,a0127_00000,c83af81d3ee14410963e0234d555d0b4,2024-05-21_23-15-16,1716326116,11848.1294901371,133012,Neptune,127.0.0.1,11848.1294901371,0,262,0.015634536743164062
555656,263,44.80721664428711,0.8484668840061534,0.7770481109619141,1.144039613859994,0.7541842460632324,0.0085535,44.80721664428711,False,,,263,a0127_00000,c83af81d3ee14410963e0234d555d0b4,2024-05-21_23-16-01,1716326161,11892.936706781387,133012,Neptune,127.0.0.1,11892.936706781387,0,263,0.015634536743164062
555656,264,44.18039536476135,0.8802370862527327,0.7743359479037198,1.1417503016335624,0.7456333296639579,0.008548,44.18039536476135,False,,,264,a0127_00000,c83af81d3ee14410963e0234d555d0b4,2024-05-21_23-16-45,1716326205,11937.117102146149,133012,Neptune,127.0.0.1,11937.117102146149,0,264,0.015634536743164062
555656,265,43.6094651222229,0.8479918349872936,0.7782117670232599,1.1590688909803117,0.7417372976030622,0.0085425,43.61942768096924,False,,,265,a0127_00000,c83af81d3ee14410963e0234d555d0b4,2024-05-21_23-17-29,1716326249,11980.736529827118,133012,Neptune,127.0.0.1,11980.736529827118,0,265,0.015634536743164062
555656,266,44.88565492630005,0.8793754415078596,0.7761164578524503,1.1731107064655848,0.7356809207371303,0.008537000000000001,44.895639181137085,False,,,266,a0127_00000,c83af81d3ee14410963e0234d555d0b4,2024-05-21_23-18-14,1716326294,12025.632169008255,133012,Neptune,127.0.0.1,12025.632169008255,0,266,0.015634536743164062
555656,267,44.30236482620239,0.8679095669226213,0.77027043429288,1.1450928705079215,0.73985413142613,0.0085315,44.30236482620239,False,,,267,a0127_00000,c83af81d3ee14410963e0234d555d0b4,2024-05-21_23-18-58,1716326338,12069.934533834457,133012,Neptune,127.0.0.1,12069.934533834457,0,267,0.015634536743164062
555656,268,45.43342185020447,0.8618575605479154,0.7783198790116743,1.1444391863686698,0.7434430122375488,0.008526,45.43342185020447,False,,,268,a0127_00000,c83af81d3ee14410963e0234d555d0b4,2024-05-21_23-19-43,1716326383,12115.367955684662,133012,Neptune,127.0.0.1,12115.367955684662,0,268,0.015634536743164062
555656,269,44.93359327316284,0.8458955017003146,0.7847458232532848,1.1678638373102461,0.7397474561418805,0.0085205,44.94355654716492,False,,,269,a0127_00000,c83af81d3ee14410963e0234d555d0b4,2024-05-21_23-20-28,1716326428,12160.311512231827,133012,Neptune,127.0.0.1,12160.311512231827,0,269,0.015634536743164062
555656,270,44.080931663513184,0.879262691194361,0.7776503129438921,1.161925962993077,0.7329704420907157,0.008515,44.09645867347717,False,,,270,a0127_00000,c83af81d3ee14410963e0234d555d0b4,2024-05-21_23-21-12,1716326472,12204.407970905304,133012,Neptune,127.0.0.1,12204.407970905304,0,270,0.015634536743164062
555656,271,45.207621574401855,0.8390352563424543,0.7852343645962802,1.1323729753494263,0.7428805487496513,0.0085095,45.207621574401855,False,,,271,a0127_00000,c83af81d3ee14410963e0234d555d0b4,2024-05-21_23-21-58,1716326518,12249.615592479706,133012,Neptune,127.0.0.1,12249.615592479706,0,271,0.015634536743164062
555656,272,43.95313858985901,0.8542716178027067,0.7768308466131036,1.134049688066755,0.7413894789559501,0.008504000000000001,43.96314096450806,False,,,272,a0127_00000,c83af81d3ee14410963e0234d555d0b4,2024-05-21_23-22-42,1716326562,12293.578733444214,133012,Neptune,127.0.0.1,12293.578733444214,0,272,0.015634536743164062
555656,273,43.680795431137085,0.8512994538653981,0.78046668659557,1.128923739705767,0.7548544066292899,0.0084985,43.68783783912659,False,,,273,a0127_00000,c83af81d3ee14410963e0234d555d0b4,2024-05-21_23-23-25,1716326605,12337.26657128334,133012,Neptune,127.0.0.1,12337.26657128334,0,273,0.015634536743164062
555656,274,43.48965358734131,0.8382217342203314,0.7833766070279208,1.0970733591488429,0.7546473230634417,0.008492999999999999,43.50530743598938,False,,,274,a0127_00000,c83af81d3ee14410963e0234d555d0b4,2024-05-21_23-24-09,1716326649,12380.77187871933,133012,Neptune,127.0.0.1,12380.77187871933,0,274,0.015634536743164062
555656,275,44.917521715164185,0.820480303330855,0.7841839356855913,1.1116583347320557,0.7593538420540946,0.0084875,44.917521715164185,False,,,275,a0127_00000,c83af81d3ee14410963e0234d555d0b4,2024-05-21_23-24-54,1716326694,12425.689400434494,133012,Neptune,127.0.0.1,12425.689400434494,0,275,0.015634536743164062
555656,276,43.80650806427002,0.8334167003631592,0.7832425724376332,1.0869449547358923,0.7644292286464146,0.008482000000000002,43.80650806427002,False,,,276,a0127_00000,c83af81d3ee14410963e0234d555d0b4,2024-05-21_23-25-38,1716326738,12469.495908498764,133012,Neptune,127.0.0.1,12469.495908498764,0,276,0.015634536743164062
555656,277,44.128923177719116,0.8369828029112383,0.7848277525468306,1.1080504655838013,0.7547755241394043,0.0084765,44.128923177719116,False,,,277,a0127_00000,c83af81d3ee14410963e0234d555d0b4,2024-05-21_23-26-22,1716326782,12513.624831676483,133012,Neptune,127.0.0.1,12513.624831676483,0,277,0.015634536743164062
555656,278,44.61477470397949,0.8794166933406483,0.778053803877397,1.1091550588607788,0.7518792833600726,0.008471,44.616775035858154,False,,,278,a0127_00000,c83af81d3ee14410963e0234d555d0b4,2024-05-21_23-27-06,1716326826,12558.241606712341,133012,Neptune,127.0.0.1,12558.241606712341,0,278,0.015634536743164062
555656,279,45.35481381416321,0.8461880033666437,0.7864376414905895,1.091960336480822,0.7669139589582171,0.0084655,45.37045931816101,False,,,279,a0127_00000,c83af81d3ee14410963e0234d555d0b4,2024-05-21_23-27-52,1716326872,12603.612066030502,133012,Neptune,127.0.0.1,12603.612066030502,0,279,0.015634536743164062
555656,280,43.49469017982483,0.8387631232088263,0.7804405905983665,1.152381113597325,0.7444577217102051,0.00846,43.510316610336304,False,,,280,a0127_00000,c83af81d3ee14410963e0234d555d0b4,2024-05-21_23-28-35,1716326915,12647.122382640839,133012,Neptune,127.0.0.1,12647.122382640839,0,280,0.015634536743164062
555656,281,45.45212960243225,0.8148223920301958,0.7931149222634055,1.0794307504381453,0.7564967019217355,0.0084545,45.50879144668579,False,,,281,a0127_00000,c83af81d3ee14410963e0234d555d0b4,2024-05-21_23-29-21,1716326961,12692.631174087524,133012,Neptune,127.0.0.1,12692.631174087524,0,281,0.015634536743164062
555656,282,42.33251404762268,0.8325438932939009,0.7836630561135032,1.0939144236700875,0.7706555638994489,0.008449,42.34802460670471,False,,,282,a0127_00000,c83af81d3ee14410963e0234d555d0b4,2024-05-21_23-30-03,1716327003,12734.97919869423,133012,Neptune,127.0.0.1,12734.97919869423,0,282,0.015634536743164062
555656,283,42.64818072319031,0.8101069493727251,0.7937121824784712,1.0991998314857483,0.7678042820521763,0.0084435,42.665088176727295,False,,,283,a0127_00000,c83af81d3ee14410963e0234d555d0b4,2024-05-21_23-30-46,1716327046,12777.644286870956,133012,Neptune,127.0.0.1,12777.644286870956,0,283,0.015634536743164062
555656,284,43.0288245677948,0.8256247043609619,0.7933922680941495,1.1657060044152396,0.7416995593479702,0.008438,43.033170223236084,False,,,284,a0127_00000,c83af81d3ee14410963e0234d555d0b4,2024-05-21_23-31-29,1716327089,12820.677457094193,133012,Neptune,127.0.0.1,12820.677457094193,0,284,0.015634536743164062
555656,285,43.674232006073,0.813793957233429,0.7974227558482777,1.1205627747944422,0.7607707296098981,0.0084325,43.684165239334106,False,,,285,a0127_00000,c83af81d3ee14410963e0234d555d0b4,2024-05-21_23-32-12,1716327132,12864.361622333527,133012,Neptune,127.0.0.1,12864.361622333527,0,285,0.015634536743164062
555656,286,44.23724627494812,0.8235070109367371,0.7932740991765802,1.1220184138842992,0.7585714203970773,0.008427,44.23724627494812,False,,,286,a0127_00000,c83af81d3ee14410963e0234d555d0b4,2024-05-21_23-32-57,1716327177,12908.598868608475,133012,Neptune,127.0.0.1,12908.598868608475,0,286,0.015634536743164062
555656,287,43.88571214675903,0.8338001262057911,0.7825232419100675,1.0970332281930106,0.7756686210632324,0.0084215,43.88571214675903,False,,,287,a0127_00000,c83af81d3ee14410963e0234d555d0b4,2024-05-21_23-33-41,1716327221,12952.484580755234,133012,Neptune,127.0.0.1,12952.484580755234,0,287,0.015634536743164062
555656,288,44.30243754386902,0.8242709257385947,0.7916437495838512,1.0898990631103516,0.757934706551688,0.008416,44.30243754386902,False,,,288,a0127_00000,c83af81d3ee14410963e0234d555d0b4,2024-05-21_23-34-25,1716327265,12996.787018299103,133012,Neptune,127.0.0.1,12996.787018299103,0,288,0.015634536743164062
555656,289,44.949166774749756,0.8253401463682001,0.7890561710704457,1.1885828546115331,0.7388313157217843,0.0084105,44.95527219772339,False,,,289,a0127_00000,c83af81d3ee14410963e0234d555d0b4,2024-05-21_23-35-10,1716327310,13041.742290496826,133012,Neptune,127.0.0.1,13041.742290496826,0,289,0.015634536743164062
555656,290,44.030839920043945,0.8311697461388328,0.7883764613758434,1.1161528400012426,0.7555203437805176,0.008405000000000001,44.04639720916748,False,,,290,a0127_00000,c83af81d3ee14410963e0234d555d0b4,2024-05-21_23-35-54,1716327354,13085.788687705994,133012,Neptune,127.0.0.1,13085.788687705994,0,290,0.015634536743164062
555656,291,43.628814935684204,0.827330307527022,0.7786768132990057,1.1226260832377843,0.7507164818899972,0.0083995,43.63440251350403,False,,,291,a0127_00000,c83af81d3ee14410963e0234d555d0b4,2024-05-21_23-36-37,1716327397,13129.423090219498,133012,Neptune,127.0.0.1,13129.423090219498,0,291,0.015634536743164062
555656,292,43.79454302787781,0.8218866044824774,0.7854165163907137,1.086756476334163,0.7658369881766183,0.008394,43.82564616203308,False,,,292,a0127_00000,c83af81d3ee14410963e0234d555d0b4,2024-05-21_23-37-21,1716327441,13173.24873638153,133012,Neptune,127.0.0.1,13173.24873638153,0,292,0.015634536743164062
555656,293,45.44766283035278,0.8300656351176176,0.7826581434770064,1.1061123779841833,0.7582629748753139,0.0083885,45.44766283035278,False,,,293,a0127_00000,c83af81d3ee14410963e0234d555d0b4,2024-05-21_23-38-07,1716327487,13218.696399211884,133012,Neptune,127.0.0.1,13218.696399211884,0,293,0.015634536743164062
555656,294,43.799875259399414,0.815663603219119,0.7880058288574219,1.0606221641813005,0.7657838548932757,0.008383,43.799875259399414,False,,,294,a0127_00000,c83af81d3ee14410963e0234d555d0b4,2024-05-21_23-38-51,1716327531,13262.496274471283,133012,Neptune,127.0.0.1,13262.496274471283,0,294,0.015634536743164062
555656,295,44.324065923690796,0.8320720520886508,0.7901727502996271,1.1191860777991158,0.7602066993713379,0.0083775,44.33114767074585,False,,,295,a0127_00000,c83af81d3ee14410963e0234d555d0b4,2024-05-21_23-39-35,1716327575,13306.827422142029,133012,Neptune,127.0.0.1,13306.827422142029,0,295,0.015634536743164062
555656,296,43.98399639129639,0.8086014986038208,0.792824311689897,1.1334692580359322,0.7523995126996722,0.008372,43.98399639129639,False,,,296,a0127_00000,c83af81d3ee14410963e0234d555d0b4,2024-05-21_23-40-19,1716327619,13350.811418533325,133012,Neptune,127.0.0.1,13350.811418533325,0,296,0.015634536743164062
555656,297,44.022725105285645,0.8309042453765869,0.789634184403853,1.07884338923863,0.7632355690002441,0.0083665,44.022725105285645,False,,,297,a0127_00000,c83af81d3ee14410963e0234d555d0b4,2024-05-21_23-41-03,1716327663,13394.83414363861,133012,Neptune,127.0.0.1,13394.83414363861,0,297,0.015634536743164062
555656,298,45.898595571517944,0.8172646490010348,0.7940588864413175,1.1058160492352076,0.7544208935328892,0.008361,45.91417050361633,False,,,298,a0127_00000,c83af81d3ee14410963e0234d555d0b4,2024-05-21_23-41-49,1716327709,13440.748314142227,133012,Neptune,127.0.0.1,13440.748314142227,0,298,0.015634536743164062
555656,299,45.033666372299194,0.8093345761299133,0.7941022352738814,1.1124495608466012,0.7552253178187779,0.0083555,45.049410581588745,False,,,299,a0127_00000,c83af81d3ee14410963e0234d555d0b4,2024-05-21_23-42-34,1716327754,13485.797724723816,133012,Neptune,127.0.0.1,13485.797724723816,0,299,0.015634536743164062
555656,300,44.710596323013306,0.7923965074799277,0.7996657978404652,1.1409533705030168,0.7495589256286621,0.00835,44.72051548957825,False,,,300,a0127_00000,c83af81d3ee14410963e0234d555d0b4,2024-05-21_23-43-19,1716327799,13530.518240213394,133012,Neptune,127.0.0.1,13530.518240213394,0,300,0.015634536743164062
