ID,epoch,train_loss,train_acc,val_loss,val_acc,time_this_iter_s,done,timesteps_total,episodes_total,training_iteration,trial_id,experiment_id,date,timestamp,time_total_s,pid,hostname,node_ip,time_since_restore,timesteps_since_restore,iterations_since_restore,warmup_time
525268,1,2.947962089018388,0.1296825734051791,3.0019912719726562,0.16713627747126988,58.79099941253662,False,,,1,74ca9_00000,46223d20a5ff4f50bca42d036c8f5429,2024-05-15_19-21-45,1715793705,58.79099941253662,26903,sassauna2.ee.ethz.ch,129.132.4.155,58.79099941253662,0,1,0.004896640777587891
525268,2,2.910152326930653,0.16469199007207697,3.002232006617955,0.16264843940734863,53.9532527923584,False,,,2,74ca9_00000,46223d20a5ff4f50bca42d036c8f5429,2024-05-15_19-22-39,1715793759,112.74425220489502,26903,sassauna2.ee.ethz.ch,129.132.4.155,112.74425220489502,0,2,0.004896640777587891
525268,3,2.8778944232247095,0.1639498472213745,2.9420021261487688,0.16320271151406424,51.141592264175415,False,,,3,74ca9_00000,46223d20a5ff4f50bca42d036c8f5429,2024-05-15_19-23-30,1715793810,163.88584446907043,26903,sassauna2.ee.ethz.ch,129.132.4.155,163.88584446907043,0,3,0.004896640777587891
525268,4,2.7816861109300093,0.16601699048822577,3.001465014048985,0.16463608401162283,49.91896605491638,False,,,4,74ca9_00000,46223d20a5ff4f50bca42d036c8f5429,2024-05-15_19-24-20,1715793860,213.80481052398682,26903,sassauna2.ee.ethz.ch,129.132.4.155,213.80481052398682,0,4,0.004896640777587891
525268,5,2.8693315115841953,0.16401390595869583,2.8446759496416365,0.16346165112086705,47.99943518638611,False,,,5,74ca9_00000,46223d20a5ff4f50bca42d036c8f5429,2024-05-15_19-25-08,1715793908,261.8042457103729,26903,sassauna2.ee.ethz.ch,129.132.4.155,261.8042457103729,0,5,0.004896640777587891
525268,6,2.759034048427235,0.1669029864397916,2.9293629101344516,0.16665244102478027,45.5070161819458,False,,,6,74ca9_00000,46223d20a5ff4f50bca42d036c8f5429,2024-05-15_19-25-54,1715793954,307.3112618923187,26903,sassauna2.ee.ethz.ch,129.132.4.155,307.3112618923187,0,6,0.004896640777587891
525268,7,2.6951750191775234,0.16809283603321423,2.837940216064453,0.1662783282143729,51.44676232337952,False,,,7,74ca9_00000,46223d20a5ff4f50bca42d036c8f5429,2024-05-15_19-26-45,1715794005,358.75802421569824,26903,sassauna2.ee.ethz.ch,129.132.4.155,358.75802421569824,0,7,0.004896640777587891
525268,8,2.6914342533458364,0.16344321857799182,2.74295973777771,0.17055460384913854,48.50910949707031,False,,,8,74ca9_00000,46223d20a5ff4f50bca42d036c8f5429,2024-05-15_19-27-34,1715794054,407.26713371276855,26903,sassauna2.ee.ethz.ch,129.132.4.155,407.26713371276855,0,8,0.004896640777587891
525268,9,2.588838057084517,0.16789839484474875,2.8293611322130476,0.16710536820547922,48.59747672080994,False,,,9,74ca9_00000,46223d20a5ff4f50bca42d036c8f5429,2024-05-15_19-28-22,1715794102,455.8646104335785,26903,sassauna2.ee.ethz.ch,129.132.4.155,455.8646104335785,0,9,0.004896640777587891
525268,10,2.604705051942305,0.17238191041079434,2.7279340539659773,0.17688640526362828,47.01293730735779,False,,,10,74ca9_00000,46223d20a5ff4f50bca42d036c8f5429,2024-05-15_19-29-09,1715794149,502.8775477409363,26903,sassauna2.ee.ethz.ch,129.132.4.155,502.8775477409363,0,10,0.004896640777587891
525268,11,2.6431853120977227,0.17719001119787042,2.7158234119415283,0.1649338858468192,45.68592119216919,False,,,11,74ca9_00000,46223d20a5ff4f50bca42d036c8f5429,2024-05-15_19-29-55,1715794195,548.5634689331055,26903,sassauna2.ee.ethz.ch,129.132.4.155,548.5634689331055,0,11,0.004896640777587891
525268,12,2.6248063174161045,0.17899509993466464,2.787360225405012,0.1734879527773176,46.06886839866638,False,,,12,74ca9_00000,46223d20a5ff4f50bca42d036c8f5429,2024-05-15_19-30-41,1715794241,594.6323373317719,26903,sassauna2.ee.ethz.ch,129.132.4.155,594.6323373317719,0,12,0.004896640777587891
525268,13,2.6344628550789575,0.17587747357108377,2.730909756251744,0.16950092996869767,48.82861113548279,False,,,13,74ca9_00000,46223d20a5ff4f50bca42d036c8f5429,2024-05-15_19-31-30,1715794290,643.4609484672546,26903,sassauna2.ee.ethz.ch,129.132.4.155,643.4609484672546,0,13,0.004896640777587891
525268,14,2.6315519592978736,0.1811282526363026,2.7233171122414723,0.18461227416992188,48.8025586605072,False,,,14,74ca9_00000,46223d20a5ff4f50bca42d036c8f5429,2024-05-15_19-32-19,1715794339,692.2635071277618,26903,sassauna2.ee.ethz.ch,129.132.4.155,692.2635071277618,0,14,0.004896640777587891
525268,15,2.5363803776827725,0.1752969134937633,2.7901945454733714,0.18856021336146764,48.674633264541626,False,,,15,74ca9_00000,46223d20a5ff4f50bca42d036c8f5429,2024-05-15_19-33-07,1715794387,740.9381403923035,26903,sassauna2.ee.ethz.ch,129.132.4.155,740.9381403923035,0,15,0.004896640777587891
525268,16,2.628187287937511,0.18685234676707874,2.7944184030805315,0.17858103343418666,51.80120587348938,False,,,16,74ca9_00000,46223d20a5ff4f50bca42d036c8f5429,2024-05-15_19-33-59,1715794439,792.7393462657928,26903,sassauna2.ee.ethz.ch,129.132.4.155,792.7393462657928,0,16,0.004896640777587891
525268,17,2.5472334081476387,0.19348161870783026,2.7398480687822615,0.17846606458936418,48.58593773841858,False,,,17,74ca9_00000,46223d20a5ff4f50bca42d036c8f5429,2024-05-15_19-34-48,1715794488,841.3252840042114,26903,sassauna2.ee.ethz.ch,129.132.4.155,841.3252840042114,0,17,0.004896640777587891
525268,18,2.4944808266379614,0.19220408526333896,2.788861002240862,0.1836353199822562,50.104305028915405,False,,,18,74ca9_00000,46223d20a5ff4f50bca42d036c8f5429,2024-05-15_19-35-38,1715794538,891.4295890331268,26903,sassauna2.ee.ethz.ch,129.132.4.155,891.4295890331268,0,18,0.004896640777587891
525268,19,2.5507833524183794,0.19505318728360263,2.806670461382185,0.19430564131055558,54.152716636657715,False,,,19,74ca9_00000,46223d20a5ff4f50bca42d036c8f5429,2024-05-15_19-36-32,1715794592,945.5823056697845,26903,sassauna2.ee.ethz.ch,129.132.4.155,945.5823056697845,0,19,0.004896640777587891
525268,20,2.570466778495095,0.203047513961792,2.7556214332580566,0.17383238247462682,48.2585711479187,False,,,20,74ca9_00000,46223d20a5ff4f50bca42d036c8f5429,2024-05-15_19-37-20,1715794640,993.8408768177032,26903,sassauna2.ee.ethz.ch,129.132.4.155,993.8408768177032,0,20,0.004896640777587891
525268,21,2.5389486226168545,0.20936172658746893,2.719009910311018,0.19505625111716135,49.57802367210388,False,,,21,74ca9_00000,46223d20a5ff4f50bca42d036c8f5429,2024-05-15_19-38-10,1715794690,1043.4189004898071,26903,sassauna2.ee.ethz.ch,129.132.4.155,1043.4189004898071,0,21,0.004896640777587891
525268,22,2.5446350791237573,0.20047348195856268,2.8026866572243825,0.19074201583862305,48.99596452713013,False,,,22,74ca9_00000,46223d20a5ff4f50bca42d036c8f5429,2024-05-15_19-38-59,1715794739,1092.4148650169373,26903,sassauna2.ee.ethz.ch,129.132.4.155,1092.4148650169373,0,22,0.004896640777587891
525268,23,2.550960345701738,0.21849976886402478,2.73404700415475,0.19995461191449845,49.51497006416321,False,,,23,74ca9_00000,46223d20a5ff4f50bca42d036c8f5429,2024-05-15_19-39-48,1715794788,1141.9298350811005,26903,sassauna2.ee.ethz.ch,129.132.4.155,1141.9298350811005,0,23,0.004896640777587891
525268,24,2.45374549518932,0.23109030723571777,2.8037753445761546,0.20563885143824986,47.93150210380554,False,,,24,74ca9_00000,46223d20a5ff4f50bca42d036c8f5429,2024-05-15_19-40-36,1715794836,1189.861337184906,26903,sassauna2.ee.ethz.ch,129.132.4.155,1189.861337184906,0,24,0.004896640777587891
525268,25,2.466994220560247,0.23641228675842285,2.6974505356379916,0.20456526960645402,51.648094177246094,False,,,25,74ca9_00000,46223d20a5ff4f50bca42d036c8f5429,2024-05-15_19-41-28,1715794888,1241.509431362152,26903,sassauna2.ee.ethz.ch,129.132.4.155,1241.509431362152,0,25,0.004896640777587891
525268,26,2.4759914658286353,0.24493091756647284,2.582228183746338,0.2174699306488037,47.89718675613403,False,,,26,74ca9_00000,46223d20a5ff4f50bca42d036c8f5429,2024-05-15_19-42-16,1715794936,1289.4066181182861,26903,sassauna2.ee.ethz.ch,129.132.4.155,1289.4066181182861,0,26,0.004896640777587891
525268,27,2.290687322616577,0.25326941230080346,2.6539647919791087,0.23049870559147426,51.49213719367981,False,,,27,74ca9_00000,46223d20a5ff4f50bca42d036c8f5429,2024-05-15_19-43-07,1715794987,1340.898755311966,26903,sassauna2.ee.ethz.ch,129.132.4.155,1340.898755311966,0,27,0.004896640777587891
525268,28,2.336643349040638,0.25987943735989655,2.6747357845306396,0.2255843366895403,51.0165901184082,False,,,28,74ca9_00000,46223d20a5ff4f50bca42d036c8f5429,2024-05-15_19-43-58,1715795038,1391.9153454303741,26903,sassauna2.ee.ethz.ch,129.132.4.155,1391.9153454303741,0,28,0.004896640777587891
525268,29,2.4371566989205102,0.2618498368696733,2.597099338259016,0.2087771381650652,49.30986762046814,False,,,29,74ca9_00000,46223d20a5ff4f50bca42d036c8f5429,2024-05-15_19-44-48,1715795088,1441.2252130508423,26903,sassauna2.ee.ethz.ch,129.132.4.155,1441.2252130508423,0,29,0.004896640777587891
525268,30,2.4059279181740503,0.26210570335388184,2.6534059047698975,0.2172736099788121,51.59721350669861,False,,,30,74ca9_00000,46223d20a5ff4f50bca42d036c8f5429,2024-05-15_19-45-39,1715795139,1492.822426557541,26903,sassauna2.ee.ethz.ch,129.132.4.155,1492.822426557541,0,30,0.004896640777587891
525268,31,2.400505391034213,0.26709543574940076,2.762787308011736,0.21630089623587473,48.34729290008545,False,,,31,74ca9_00000,46223d20a5ff4f50bca42d036c8f5429,2024-05-15_19-46-28,1715795188,1541.1697194576263,26903,sassauna2.ee.ethz.ch,129.132.4.155,1541.1697194576263,0,31,0.004896640777587891
525268,32,2.360309665853327,0.26961840282786975,2.7067435128348216,0.20824851308550155,49.851460695266724,False,,,32,74ca9_00000,46223d20a5ff4f50bca42d036c8f5429,2024-05-15_19-47-18,1715795238,1591.021180152893,26903,sassauna2.ee.ethz.ch,129.132.4.155,1591.021180152893,0,32,0.004896640777587891
525268,33,2.3450811126015405,0.28200288252397016,2.5823990958077565,0.2401164940425328,51.78111743927002,False,,,33,74ca9_00000,46223d20a5ff4f50bca42d036c8f5429,2024-05-15_19-48-09,1715795289,1642.802297592163,26903,sassauna2.ee.ethz.ch,129.132.4.155,1642.802297592163,0,33,0.004896640777587891
525268,34,2.2206299738450483,0.2872103344310414,2.7255567823137556,0.21832106794629777,51.13271236419678,False,,,34,74ca9_00000,46223d20a5ff4f50bca42d036c8f5429,2024-05-15_19-49-00,1715795340,1693.9350099563599,26903,sassauna2.ee.ethz.ch,129.132.4.155,1693.9350099563599,0,34,0.004896640777587891
525268,35,2.2567746855995874,0.2891993956132369,2.6127887793949673,0.23456903866359166,51.20710587501526,False,,,35,74ca9_00000,46223d20a5ff4f50bca42d036c8f5429,2024-05-15_19-49-52,1715795392,1745.1421158313751,26903,sassauna2.ee.ethz.ch,129.132.4.155,1745.1421158313751,0,35,0.004896640777587891
525268,36,2.2584176713770088,0.3084832755002109,2.5126703126089915,0.2756732872554234,54.241007566452026,False,,,36,74ca9_00000,46223d20a5ff4f50bca42d036c8f5429,2024-05-15_19-50-46,1715795446,1799.3831233978271,26903,sassauna2.ee.ethz.ch,129.132.4.155,1799.3831233978271,0,36,0.004896640777587891
525268,37,2.221607381647283,0.3182729591022838,2.508000373840332,0.2833768469946725,54.32508659362793,False,,,37,74ca9_00000,46223d20a5ff4f50bca42d036c8f5429,2024-05-15_19-51-40,1715795500,1853.708209991455,26903,sassauna2.ee.ethz.ch,129.132.4.155,1853.708209991455,0,37,0.004896640777587891
525268,38,2.1768931692296807,0.333401311527599,2.5661652428763255,0.26827125889914377,48.76985168457031,False,,,38,74ca9_00000,46223d20a5ff4f50bca42d036c8f5429,2024-05-15_19-52-29,1715795549,1902.4780616760254,26903,sassauna2.ee.ethz.ch,129.132.4.155,1902.4780616760254,0,38,0.004896640777587891
525268,39,2.1729783578352495,0.35040543296120386,2.6680817944662913,0.2708976949964251,48.200541973114014,False,,,39,74ca9_00000,46223d20a5ff4f50bca42d036c8f5429,2024-05-15_19-53-17,1715795597,1950.6786036491394,26903,sassauna2.ee.ethz.ch,129.132.4.155,1950.6786036491394,0,39,0.004896640777587891
525268,40,2.0971913012591274,0.35755543275312945,2.442122084753854,0.29706134114946636,51.76690745353699,False,,,40,74ca9_00000,46223d20a5ff4f50bca42d036c8f5429,2024-05-15_19-54-09,1715795649,2002.4455111026764,26903,sassauna2.ee.ethz.ch,129.132.4.155,2002.4455111026764,0,40,0.004896640777587891
525268,41,2.092511762272228,0.3621982010928067,2.583054712840489,0.2762720925467355,47.583779096603394,False,,,41,74ca9_00000,46223d20a5ff4f50bca42d036c8f5429,2024-05-15_19-54-57,1715795697,2050.02929019928,26903,sassauna2.ee.ethz.ch,129.132.4.155,2050.02929019928,0,41,0.004896640777587891
525268,42,2.084638617255471,0.3813682035966353,2.441627468381609,0.312265293938773,48.11784219741821,False,,,42,74ca9_00000,46223d20a5ff4f50bca42d036c8f5429,2024-05-15_19-55-45,1715795745,2098.147132396698,26903,sassauna2.ee.ethz.ch,129.132.4.155,2098.147132396698,0,42,0.004896640777587891
525268,43,2.118002262982455,0.3929868611422452,2.3286261899130687,0.3543018954140799,54.82967805862427,False,,,43,74ca9_00000,46223d20a5ff4f50bca42d036c8f5429,2024-05-15_19-56-39,1715795799,2152.9768104553223,26903,sassauna2.ee.ethz.ch,129.132.4.155,2152.9768104553223,0,43,0.004896640777587891
525268,44,1.9509854316711426,0.42725805802778766,2.437265055520194,0.33378005027770996,50.83183002471924,False,,,44,74ca9_00000,46223d20a5ff4f50bca42d036c8f5429,2024-05-15_19-57-30,1715795850,2203.8086404800415,26903,sassauna2.ee.ethz.ch,129.132.4.155,2203.8086404800415,0,44,0.004896640777587891
525268,45,1.933059031313116,0.4358622377569025,2.3542329413550243,0.37603044509887695,48.366389989852905,False,,,45,74ca9_00000,46223d20a5ff4f50bca42d036c8f5429,2024-05-15_19-58-19,1715795899,2252.1750304698944,26903,sassauna2.ee.ethz.ch,129.132.4.155,2252.1750304698944,0,45,0.004896640777587891
525268,46,1.8160262324593284,0.4628266421231357,2.300689697265625,0.35526861463274273,50.99260234832764,False,,,46,74ca9_00000,46223d20a5ff4f50bca42d036c8f5429,2024-05-15_19-59-10,1715795950,2303.167632818222,26903,sassauna2.ee.ethz.ch,129.132.4.155,2303.167632818222,0,46,0.004896640777587891
525268,47,1.7878448529676958,0.47867783633145417,2.3578754493168423,0.3939685480935233,48.31449890136719,False,,,47,74ca9_00000,46223d20a5ff4f50bca42d036c8f5429,2024-05-15_19-59-58,1715795998,2351.4821317195892,26903,sassauna2.ee.ethz.ch,129.132.4.155,2351.4821317195892,0,47,0.004896640777587891
525268,48,1.8333508534864946,0.48214067112315784,2.2511973551341464,0.38652106693812777,48.858741760253906,False,,,48,74ca9_00000,46223d20a5ff4f50bca42d036c8f5429,2024-05-15_20-00-47,1715796047,2400.340873479843,26903,sassauna2.ee.ethz.ch,129.132.4.155,2400.340873479843,0,48,0.004896640777587891
525268,49,1.8094521219080144,0.4948399717157537,2.3678808212280273,0.3933525766645159,54.48063087463379,False,,,49,74ca9_00000,46223d20a5ff4f50bca42d036c8f5429,2024-05-15_20-01-41,1715796101,2454.821504354477,26903,sassauna2.ee.ethz.ch,129.132.4.155,2454.821504354477,0,49,0.004896640777587891
525268,50,1.7462192990563132,0.5053810639814897,2.297607251576015,0.39410642215183805,48.20541954040527,False,,,50,74ca9_00000,46223d20a5ff4f50bca42d036c8f5429,2024-05-15_20-02-30,1715796150,2503.026923894882,26903,sassauna2.ee.ethz.ch,129.132.4.155,2503.026923894882,0,50,0.004896640777587891
525268,51,1.6853080120953647,0.5236431468616832,2.39092755317688,0.40727118083408903,50.67863368988037,False,,,51,74ca9_00000,46223d20a5ff4f50bca42d036c8f5429,2024-05-15_20-03-20,1715796200,2553.7055575847626,26903,sassauna2.ee.ethz.ch,129.132.4.155,2553.7055575847626,0,51,0.004896640777587891
525268,52,1.68365047194741,0.5425641319968484,2.2321842227663313,0.429729768208095,50.52908682823181,False,,,52,74ca9_00000,46223d20a5ff4f50bca42d036c8f5429,2024-05-15_20-04-11,1715796251,2604.2346444129944,26903,sassauna2.ee.ethz.ch,129.132.4.155,2604.2346444129944,0,52,0.004896640777587891
525268,53,1.658199971372431,0.5513420538468794,2.396740027836391,0.3845188958304269,49.144670486450195,False,,,53,74ca9_00000,46223d20a5ff4f50bca42d036c8f5429,2024-05-15_20-05-00,1715796300,2653.3793148994446,26903,sassauna2.ee.ethz.ch,129.132.4.155,2653.3793148994446,0,53,0.004896640777587891
525268,54,1.5960165370594372,0.5540583783929999,2.1693601437977383,0.4500056675502232,47.45929169654846,False,,,54,74ca9_00000,46223d20a5ff4f50bca42d036c8f5429,2024-05-15_20-05-47,1715796347,2700.838606595993,26903,sassauna2.ee.ethz.ch,129.132.4.155,2700.838606595993,0,54,0.004896640777587891
525268,55,1.619131088256836,0.5611326477744363,2.1749583653041293,0.47831290108816965,54.70468306541443,False,,,55,74ca9_00000,46223d20a5ff4f50bca42d036c8f5429,2024-05-15_20-06-42,1715796402,2755.5432896614075,26903,sassauna2.ee.ethz.ch,129.132.4.155,2755.5432896614075,0,55,0.004896640777587891
525268,56,1.6017206690528176,0.5725697170604359,2.1716376713344028,0.4587721143450056,52.97365951538086,False,,,56,74ca9_00000,46223d20a5ff4f50bca42d036c8f5429,2024-05-15_20-07-35,1715796455,2808.5169491767883,26903,sassauna2.ee.ethz.ch,129.132.4.155,2808.5169491767883,0,56,0.004896640777587891
525268,57,1.4948744557120583,0.5958910421891646,2.283354009900774,0.4282780034201486,50.17570781707764,False,,,57,74ca9_00000,46223d20a5ff4f50bca42d036c8f5429,2024-05-15_20-08-25,1715796505,2858.692656993866,26903,sassauna2.ee.ethz.ch,129.132.4.155,2858.692656993866,0,57,0.004896640777587891
525268,58,1.504967906258323,0.5956004749644886,2.2096793140683855,0.44618586131504606,51.80272936820984,False,,,58,74ca9_00000,46223d20a5ff4f50bca42d036c8f5429,2024-05-15_20-09-17,1715796557,2910.495386362076,26903,sassauna2.ee.ethz.ch,129.132.4.155,2910.495386362076,0,58,0.004896640777587891
525268,59,1.468721866607666,0.609872427853671,2.0965796198163713,0.48113642420087543,56.85554504394531,False,,,59,74ca9_00000,46223d20a5ff4f50bca42d036c8f5429,2024-05-15_20-10-14,1715796614,2967.350931406021,26903,sassauna2.ee.ethz.ch,129.132.4.155,2967.350931406021,0,59,0.004896640777587891
525268,60,1.4226714806123213,0.6208884065801447,2.078892537525722,0.46526353699820383,49.34011459350586,False,,,60,74ca9_00000,46223d20a5ff4f50bca42d036c8f5429,2024-05-15_20-11-03,1715796663,3016.691045999527,26903,sassauna2.ee.ethz.ch,129.132.4.155,3016.691045999527,0,60,0.004896640777587891
525268,61,1.3744185295971958,0.6401996612548828,2.080555030277797,0.4894688810620989,47.823652029037476,False,,,61,74ca9_00000,46223d20a5ff4f50bca42d036c8f5429,2024-05-15_20-11-51,1715796711,3064.5146980285645,26903,sassauna2.ee.ethz.ch,129.132.4.155,3064.5146980285645,0,61,0.004896640777587891
525268,62,1.3411812457171353,0.6482667055996981,2.0430157354899814,0.5074751717703683,55.20626616477966,False,,,62,74ca9_00000,46223d20a5ff4f50bca42d036c8f5429,2024-05-15_20-12-46,1715796766,3119.720964193344,26903,sassauna2.ee.ethz.ch,129.132.4.155,3119.720964193344,0,62,0.004896640777587891
525268,63,1.346887469291687,0.6360458027232777,2.1412295273372104,0.47063255310058594,49.56112623214722,False,,,63,74ca9_00000,46223d20a5ff4f50bca42d036c8f5429,2024-05-15_20-13-36,1715796816,3169.2820904254913,26903,sassauna2.ee.ethz.ch,129.132.4.155,3169.2820904254913,0,63,0.004896640777587891
525268,64,1.3305758346210828,0.6578402519226074,2.0851919991629466,0.49900664602007183,48.00078272819519,False,,,64,74ca9_00000,46223d20a5ff4f50bca42d036c8f5429,2024-05-15_20-14-24,1715796864,3217.2828731536865,26903,sassauna2.ee.ethz.ch,129.132.4.155,3217.2828731536865,0,64,0.004896640777587891
525268,65,1.2844305363568393,0.6730701273137872,2.197061777114868,0.4765803473336356,50.85237526893616,False,,,65,74ca9_00000,46223d20a5ff4f50bca42d036c8f5429,2024-05-15_20-15-15,1715796915,3268.1352484226227,26903,sassauna2.ee.ethz.ch,129.132.4.155,3268.1352484226227,0,65,0.004896640777587891
525268,66,1.2931037707762285,0.670360348441384,1.913800801549639,0.5281307356698173,49.619287967681885,False,,,66,74ca9_00000,46223d20a5ff4f50bca42d036c8f5429,2024-05-15_20-16-04,1715796964,3317.7545363903046,26903,sassauna2.ee.ethz.ch,129.132.4.155,3317.7545363903046,0,66,0.004896640777587891
525268,67,1.273936076597734,0.675085414539684,1.9536727837153844,0.5291707175118583,51.9504930973053,False,,,67,74ca9_00000,46223d20a5ff4f50bca42d036c8f5429,2024-05-15_20-16-56,1715797016,3369.70502948761,26903,sassauna2.ee.ethz.ch,129.132.4.155,3369.70502948761,0,67,0.004896640777587891
525268,68,1.2593660896474665,0.6889389211481268,2.092715893472944,0.5158348764692035,55.21563124656677,False,,,68,74ca9_00000,46223d20a5ff4f50bca42d036c8f5429,2024-05-15_20-17-51,1715797071,3424.9206607341766,26903,sassauna2.ee.ethz.ch,129.132.4.155,3424.9206607341766,0,68,0.004896640777587891
525268,69,1.2558009299364956,0.6950665387240323,1.7470115252903529,0.5527697971888951,52.054609060287476,False,,,69,74ca9_00000,46223d20a5ff4f50bca42d036c8f5429,2024-05-15_20-18-43,1715797123,3476.975269794464,26903,sassauna2.ee.ethz.ch,129.132.4.155,3476.975269794464,0,69,0.004896640777587891
525268,70,1.2296931526877664,0.6954015818509188,1.8114467348371233,0.5263425963265556,51.54435682296753,False,,,70,74ca9_00000,46223d20a5ff4f50bca42d036c8f5429,2024-05-15_20-19-35,1715797175,3528.5196266174316,26903,sassauna2.ee.ethz.ch,129.132.4.155,3528.5196266174316,0,70,0.004896640777587891
525268,71,1.2325225851752541,0.7075676918029785,1.9684861046927316,0.5371721812656948,48.80889821052551,False,,,71,74ca9_00000,46223d20a5ff4f50bca42d036c8f5429,2024-05-15_20-20-24,1715797224,3577.328524827957,26903,sassauna2.ee.ethz.ch,129.132.4.155,3577.328524827957,0,71,0.004896640777587891
525268,72,1.205518213185397,0.7094399278814142,1.9223520244870866,0.5260937213897705,52.626441955566406,False,,,72,74ca9_00000,46223d20a5ff4f50bca42d036c8f5429,2024-05-15_20-21-16,1715797276,3629.9549667835236,26903,sassauna2.ee.ethz.ch,129.132.4.155,3629.9549667835236,0,72,0.004896640777587891
525268,73,1.1906698725440286,0.7018241882324219,1.71327120917184,0.5431397301810128,53.04713702201843,False,,,73,74ca9_00000,46223d20a5ff4f50bca42d036c8f5429,2024-05-15_20-22-10,1715797330,3683.002103805542,26903,sassauna2.ee.ethz.ch,129.132.4.155,3683.002103805542,0,73,0.004896640777587891
525268,74,1.20299785787409,0.7119135423140093,1.7837101561682565,0.5490491049630302,57.836824893951416,False,,,74,74ca9_00000,46223d20a5ff4f50bca42d036c8f5429,2024-05-15_20-23-07,1715797387,3740.8389286994934,26903,sassauna2.ee.ethz.ch,129.132.4.155,3740.8389286994934,0,74,0.004896640777587891
525268,75,1.1722362420775674,0.728752916509455,1.6782454592841012,0.5508354731968471,49.0389769077301,False,,,75,74ca9_00000,46223d20a5ff4f50bca42d036c8f5429,2024-05-15_20-23-56,1715797436,3789.8779056072235,26903,sassauna2.ee.ethz.ch,129.132.4.155,3789.8779056072235,0,75,0.004896640777587891
525268,76,1.1211186972531406,0.7338420694524591,1.6640324422291346,0.5661940574645996,53.41350483894348,False,,,76,74ca9_00000,46223d20a5ff4f50bca42d036c8f5429,2024-05-15_20-24-50,1715797490,3843.291410446167,26903,sassauna2.ee.ethz.ch,129.132.4.155,3843.291410446167,0,76,0.004896640777587891
525268,77,1.1555537960746072,0.7289986176924272,1.6737715346472604,0.5811148371015277,48.62053179740906,False,,,77,74ca9_00000,46223d20a5ff4f50bca42d036c8f5429,2024-05-15_20-25-38,1715797538,3891.911942243576,26903,sassauna2.ee.ethz.ch,129.132.4.155,3891.911942243576,0,77,0.004896640777587891
525268,78,1.1339410760185935,0.7377336675470526,1.6680494035993303,0.5462801797049386,53.97431492805481,False,,,78,74ca9_00000,46223d20a5ff4f50bca42d036c8f5429,2024-05-15_20-26-32,1715797592,3945.886257171631,26903,sassauna2.ee.ethz.ch,129.132.4.155,3945.886257171631,0,78,0.004896640777587891
525268,79,1.1218871636824175,0.7409488504583185,1.6409316744123186,0.5690936701638358,50.51915216445923,False,,,79,74ca9_00000,46223d20a5ff4f50bca42d036c8f5429,2024-05-15_20-27-23,1715797643,3996.40540933609,26903,sassauna2.ee.ethz.ch,129.132.4.155,3996.40540933609,0,79,0.004896640777587891
525268,80,1.0835899981585415,0.7476954893632368,1.5966439247131348,0.5697392395564488,52.99974513053894,False,,,80,74ca9_00000,46223d20a5ff4f50bca42d036c8f5429,2024-05-15_20-28-16,1715797696,4049.405154466629,26903,sassauna2.ee.ethz.ch,129.132.4.155,4049.405154466629,0,80,0.004896640777587891
525268,81,1.131230581890453,0.7541093826293945,1.716004831450326,0.5824774333408901,49.15198755264282,False,,,81,74ca9_00000,46223d20a5ff4f50bca42d036c8f5429,2024-05-15_20-29-05,1715797745,4098.557142019272,26903,sassauna2.ee.ethz.ch,129.132.4.155,4098.557142019272,0,81,0.004896640777587891
525268,82,1.124170715158636,0.7527479691938921,1.6372748272759574,0.5885560853140694,50.933236837387085,False,,,82,74ca9_00000,46223d20a5ff4f50bca42d036c8f5429,2024-05-15_20-29-56,1715797796,4149.490378856659,26903,sassauna2.ee.ethz.ch,129.132.4.155,4149.490378856659,0,82,0.004896640777587891
525268,83,1.0113979415460066,0.7559728622436523,1.5904869862965174,0.5917585236685616,55.68299221992493,False,,,83,74ca9_00000,46223d20a5ff4f50bca42d036c8f5429,2024-05-15_20-30-52,1715797852,4205.173371076584,26903,sassauna2.ee.ethz.ch,129.132.4.155,4205.173371076584,0,83,0.004896640777587891
525268,84,1.048545078797774,0.7586527737704191,1.6132574592317854,0.5713043894086566,50.75534963607788,False,,,84,74ca9_00000,46223d20a5ff4f50bca42d036c8f5429,2024-05-15_20-31-42,1715797902,4255.928720712662,26903,sassauna2.ee.ethz.ch,129.132.4.155,4255.928720712662,0,84,0.004896640777587891
525268,85,1.0501864173195579,0.762107328935103,1.6047103915895735,0.5758709226335798,55.604960441589355,False,,,85,74ca9_00000,46223d20a5ff4f50bca42d036c8f5429,2024-05-15_20-32-38,1715797958,4311.533681154251,26903,sassauna2.ee.ethz.ch,129.132.4.155,4311.533681154251,0,85,0.004896640777587891
525268,86,1.0339362025260925,0.7761362249200995,1.6289831740515572,0.5901024682181222,52.752763986587524,False,,,86,74ca9_00000,46223d20a5ff4f50bca42d036c8f5429,2024-05-15_20-33-31,1715798011,4364.286445140839,26903,sassauna2.ee.ethz.ch,129.132.4.155,4364.286445140839,0,86,0.004896640777587891
525268,87,1.0584581060843035,0.7669204365123402,1.6498337473188127,0.6051451819283622,53.75744128227234,False,,,87,74ca9_00000,46223d20a5ff4f50bca42d036c8f5429,2024-05-15_20-34-25,1715798065,4418.043886423111,26903,sassauna2.ee.ethz.ch,129.132.4.155,4418.043886423111,0,87,0.004896640777587891
525268,88,1.0149290561676025,0.7709520513361151,1.6365964753287179,0.5604541982923236,53.556023836135864,False,,,88,74ca9_00000,46223d20a5ff4f50bca42d036c8f5429,2024-05-15_20-35-18,1715798118,4471.599910259247,26903,sassauna2.ee.ethz.ch,129.132.4.155,4471.599910259247,0,88,0.004896640777587891
525268,89,1.0156334313479336,0.7752770510586825,1.616852079119001,0.5855871609279087,50.06552004814148,False,,,89,74ca9_00000,46223d20a5ff4f50bca42d036c8f5429,2024-05-15_20-36-08,1715798168,4521.665430307388,26903,sassauna2.ee.ethz.ch,129.132.4.155,4521.665430307388,0,89,0.004896640777587891
525268,90,0.9953688924962824,0.7790370420976118,1.5412304741995675,0.6134496416364398,52.56418180465698,False,,,90,74ca9_00000,46223d20a5ff4f50bca42d036c8f5429,2024-05-15_20-37-01,1715798221,4574.229612112045,26903,sassauna2.ee.ethz.ch,129.132.4.155,4574.229612112045,0,90,0.004896640777587891
525268,91,1.0132697495547207,0.778580058704723,1.6628634759357996,0.5931090627397809,50.775052070617676,False,,,91,74ca9_00000,46223d20a5ff4f50bca42d036c8f5429,2024-05-15_20-37-52,1715798272,4625.004664182663,26903,sassauna2.ee.ethz.ch,129.132.4.155,4625.004664182663,0,91,0.004896640777587891
525268,92,0.9916567748243158,0.7753043608231978,1.6831790379115514,0.5752218110220773,51.38140082359314,False,,,92,74ca9_00000,46223d20a5ff4f50bca42d036c8f5429,2024-05-15_20-38-43,1715798323,4676.386065006256,26903,sassauna2.ee.ethz.ch,129.132.4.155,4676.386065006256,0,92,0.004896640777587891
525268,93,1.0297016501426697,0.7709671367298473,1.6851101091929845,0.5504514489855085,52.92419791221619,False,,,93,74ca9_00000,46223d20a5ff4f50bca42d036c8f5429,2024-05-15_20-39-36,1715798376,4729.310262918472,26903,sassauna2.ee.ethz.ch,129.132.4.155,4729.310262918472,0,93,0.004896640777587891
525268,94,1.014428973197937,0.778479662808505,1.6291453668049403,0.5812712396894183,48.12969756126404,False,,,94,74ca9_00000,46223d20a5ff4f50bca42d036c8f5429,2024-05-15_20-40-24,1715798424,4777.439960479736,26903,sassauna2.ee.ethz.ch,129.132.4.155,4777.439960479736,0,94,0.004896640777587891
525268,95,0.950515481558713,0.7858719392256304,1.6013246434075492,0.6003071921212333,54.80410170555115,False,,,95,74ca9_00000,46223d20a5ff4f50bca42d036c8f5429,2024-05-15_20-41-19,1715798479,4832.2440621852875,26903,sassauna2.ee.ethz.ch,129.132.4.155,4832.2440621852875,0,95,0.004896640777587891
525268,96,0.9365443966605447,0.792977593161843,1.5837721484048026,0.5803211757114956,54.79239892959595,False,,,96,74ca9_00000,46223d20a5ff4f50bca42d036c8f5429,2024-05-15_20-42-14,1715798534,4887.036461114883,26903,sassauna2.ee.ethz.ch,129.132.4.155,4887.036461114883,0,96,0.004896640777587891
525268,97,0.9604769240726124,0.7904789664528586,1.5899512938090734,0.5932281357901437,49.16683220863342,False,,,97,74ca9_00000,46223d20a5ff4f50bca42d036c8f5429,2024-05-15_20-43-03,1715798583,4936.203293323517,26903,sassauna2.ee.ethz.ch,129.132.4.155,4936.203293323517,0,97,0.004896640777587891
525268,98,0.9397964531725104,0.7955138466574929,1.5349270786557878,0.6023924010140556,51.24254131317139,False,,,98,74ca9_00000,46223d20a5ff4f50bca42d036c8f5429,2024-05-15_20-43-54,1715798634,4987.445834636688,26903,sassauna2.ee.ethz.ch,129.132.4.155,4987.445834636688,0,98,0.004896640777587891
525268,99,0.9337875626303933,0.7985773086547852,1.5453220776149206,0.5973562513078962,48.437605142593384,False,,,99,74ca9_00000,46223d20a5ff4f50bca42d036c8f5429,2024-05-15_20-44-42,1715798682,5035.883439779282,26903,sassauna2.ee.ethz.ch,129.132.4.155,5035.883439779282,0,99,0.004896640777587891
525268,100,0.9121364138343118,0.7928974845192649,1.55266158921378,0.5986542020525251,51.61405944824219,False,,,100,74ca9_00000,46223d20a5ff4f50bca42d036c8f5429,2024-05-15_20-45-34,1715798734,5087.497499227524,26903,sassauna2.ee.ethz.ch,129.132.4.155,5087.497499227524,0,100,0.004896640777587891
525268,101,0.9191146330399946,0.8016677336259321,1.5061317597116743,0.602764333997454,51.11476111412048,False,,,101,74ca9_00000,46223d20a5ff4f50bca42d036c8f5429,2024-05-15_20-46-25,1715798785,5138.612260341644,26903,sassauna2.ee.ethz.ch,129.132.4.155,5138.612260341644,0,101,0.004896640777587891
525268,102,0.8986748240210793,0.8019055453213778,1.668931143624442,0.5993629183088031,50.59821844100952,False,,,102,74ca9_00000,46223d20a5ff4f50bca42d036c8f5429,2024-05-15_20-47-16,1715798836,5189.210478782654,26903,sassauna2.ee.ethz.ch,129.132.4.155,5189.210478782654,0,102,0.004896640777587891
525268,103,0.8987808931957592,0.8063460263338956,1.6155260120119368,0.5797556468418666,50.49468660354614,False,,,103,74ca9_00000,46223d20a5ff4f50bca42d036c8f5429,2024-05-15_20-48-06,1715798886,5239.7051653862,26903,sassauna2.ee.ethz.ch,129.132.4.155,5239.7051653862,0,103,0.004896640777587891
525268,104,0.9048081798986956,0.7992540706287731,1.639730794089181,0.5990143503461566,48.34133172035217,False,,,104,74ca9_00000,46223d20a5ff4f50bca42d036c8f5429,2024-05-15_20-48-55,1715798935,5288.046497106552,26903,sassauna2.ee.ethz.ch,129.132.4.155,5288.046497106552,0,104,0.004896640777587891
525268,105,0.8599756360054016,0.812125639481978,1.5356507301330566,0.6046763147626605,56.75097870826721,False,,,105,74ca9_00000,46223d20a5ff4f50bca42d036c8f5429,2024-05-15_20-49-51,1715798991,5344.797475814819,26903,sassauna2.ee.ethz.ch,129.132.4.155,5344.797475814819,0,105,0.004896640777587891
525268,106,0.9183655110272494,0.8109644109552557,1.489980867930821,0.6237990515572684,49.59064555168152,False,,,106,74ca9_00000,46223d20a5ff4f50bca42d036c8f5429,2024-05-15_20-50-41,1715799041,5394.388121366501,26903,sassauna2.ee.ethz.ch,129.132.4.155,5394.388121366501,0,106,0.004896640777587891
525268,107,0.8745730736038901,0.8114833831787109,1.4828465325491769,0.6172738756452288,52.42918682098389,False,,,107,74ca9_00000,46223d20a5ff4f50bca42d036c8f5429,2024-05-15_20-51-33,1715799093,5446.817308187485,26903,sassauna2.ee.ethz.ch,129.132.4.155,5446.817308187485,0,107,0.004896640777587891
525268,108,0.8724532669240778,0.8108219666914507,1.49295255116054,0.6130380630493164,50.34386396408081,False,,,108,74ca9_00000,46223d20a5ff4f50bca42d036c8f5429,2024-05-15_20-52-24,1715799144,5497.161172151566,26903,sassauna2.ee.ethz.ch,129.132.4.155,5497.161172151566,0,108,0.004896640777587891
525268,109,0.8518216772512957,0.8101699135520242,1.4977819238390242,0.6196193013872419,50.768497467041016,False,,,109,74ca9_00000,46223d20a5ff4f50bca42d036c8f5429,2024-05-15_20-53-14,1715799194,5547.929669618607,26903,sassauna2.ee.ethz.ch,129.132.4.155,5547.929669618607,0,109,0.004896640777587891
525268,110,0.8328547098419883,0.817268198186701,1.4888256617954798,0.6198539052690778,47.96472954750061,False,,,110,74ca9_00000,46223d20a5ff4f50bca42d036c8f5429,2024-05-15_20-54-02,1715799242,5595.894399166107,26903,sassauna2.ee.ethz.ch,129.132.4.155,5595.894399166107,0,110,0.004896640777587891
525268,111,0.844940954988653,0.8209229382601652,1.534856847354344,0.5930666923522949,48.64529848098755,False,,,111,74ca9_00000,46223d20a5ff4f50bca42d036c8f5429,2024-05-15_20-54-51,1715799291,5644.539697647095,26903,sassauna2.ee.ethz.ch,129.132.4.155,5644.539697647095,0,111,0.004896640777587891
525268,112,0.835430616682226,0.8223961916836825,1.4462541682379586,0.6260274478367397,50.178709983825684,False,,,112,74ca9_00000,46223d20a5ff4f50bca42d036c8f5429,2024-05-15_20-55-41,1715799341,5694.71840763092,26903,sassauna2.ee.ethz.ch,129.132.4.155,5694.71840763092,0,112,0.004896640777587891
525268,113,0.8253923491998152,0.8171858354048296,1.556191853114537,0.6206682068961007,48.57982850074768,False,,,113,74ca9_00000,46223d20a5ff4f50bca42d036c8f5429,2024-05-15_20-56-30,1715799390,5743.298236131668,26903,sassauna2.ee.ethz.ch,129.132.4.155,5743.298236131668,0,113,0.004896640777587891
525268,114,0.806341675194827,0.8248572783036665,1.4936523607798986,0.6290689195905413,48.985713958740234,False,,,114,74ca9_00000,46223d20a5ff4f50bca42d036c8f5429,2024-05-15_20-57-19,1715799439,5792.283950090408,26903,sassauna2.ee.ethz.ch,129.132.4.155,5792.283950090408,0,114,0.004896640777587891
525268,115,0.8226598121903159,0.8270043459805575,1.4660783665520805,0.6294270924159459,52.8126175403595,False,,,115,74ca9_00000,46223d20a5ff4f50bca42d036c8f5429,2024-05-15_20-58-12,1715799492,5845.096567630768,26903,sassauna2.ee.ethz.ch,129.132.4.155,5845.096567630768,0,115,0.004896640777587891
525268,116,0.8267027302221819,0.8306268345225941,1.485559105873108,0.6238596098763602,53.442842960357666,False,,,116,74ca9_00000,46223d20a5ff4f50bca42d036c8f5429,2024-05-15_20-59-05,1715799545,5898.5394105911255,26903,sassauna2.ee.ethz.ch,129.132.4.155,5898.5394105911255,0,116,0.004896640777587891
525268,117,0.8077829751101407,0.8271258094094016,1.4766019412449427,0.6236201695033482,49.94979953765869,False,,,117,74ca9_00000,46223d20a5ff4f50bca42d036c8f5429,2024-05-15_20-59-55,1715799595,5948.489210128784,26903,sassauna2.ee.ethz.ch,129.132.4.155,5948.489210128784,0,117,0.004896640777587891
525268,118,0.8364940990101207,0.8282767209139738,1.5932511942727225,0.6217895916530064,51.08360528945923,False,,,118,74ca9_00000,46223d20a5ff4f50bca42d036c8f5429,2024-05-15_21-00-46,1715799646,5999.572815418243,26903,sassauna2.ee.ethz.ch,129.132.4.155,5999.572815418243,0,118,0.004896640777587891
525268,119,0.8057362328876149,0.8258148540150035,1.435632279941014,0.6304445266723633,48.777355670928955,False,,,119,74ca9_00000,46223d20a5ff4f50bca42d036c8f5429,2024-05-15_21-01-35,1715799695,6048.350171089172,26903,sassauna2.ee.ethz.ch,129.132.4.155,6048.350171089172,0,119,0.004896640777587891
525268,120,0.8083296093073759,0.8305612910877574,1.4560892922537667,0.626392160143171,49.589460134506226,False,,,120,74ca9_00000,46223d20a5ff4f50bca42d036c8f5429,2024-05-15_21-02-24,1715799744,6097.939631223679,26903,sassauna2.ee.ethz.ch,129.132.4.155,6097.939631223679,0,120,0.004896640777587891
525268,121,0.8073150352998213,0.835426850752397,1.4489585246358598,0.6435654503958566,51.87432885169983,False,,,121,74ca9_00000,46223d20a5ff4f50bca42d036c8f5429,2024-05-15_21-03-16,1715799796,6149.813960075378,26903,sassauna2.ee.ethz.ch,129.132.4.155,6149.813960075378,0,121,0.004896640777587891
525268,122,0.8024226427078247,0.8353523774580522,1.5498274053846086,0.6147973196847099,55.505499839782715,False,,,122,74ca9_00000,46223d20a5ff4f50bca42d036c8f5429,2024-05-15_21-04-12,1715799852,6205.319459915161,26903,sassauna2.ee.ethz.ch,129.132.4.155,6205.319459915161,0,122,0.004896640777587891
525268,123,0.7729669484225187,0.8356396935202859,1.492937411580767,0.6213233811514718,49.421404123306274,False,,,123,74ca9_00000,46223d20a5ff4f50bca42d036c8f5429,2024-05-15_21-05-01,1715799901,6254.740864038467,26903,sassauna2.ee.ethz.ch,129.132.4.155,6254.740864038467,0,123,0.004896640777587891
525268,124,0.7935085079886697,0.8378027135675604,1.467827524457659,0.6244399206978934,50.129335165023804,False,,,124,74ca9_00000,46223d20a5ff4f50bca42d036c8f5429,2024-05-15_21-05-51,1715799951,6304.870199203491,26903,sassauna2.ee.ethz.ch,129.132.4.155,6304.870199203491,0,124,0.004896640777587891
525268,125,0.7728758291764692,0.8323417143388228,1.4017133372170585,0.6334965569632394,55.615617990493774,False,,,125,74ca9_00000,46223d20a5ff4f50bca42d036c8f5429,2024-05-15_21-06-47,1715800007,6360.485817193985,26903,sassauna2.ee.ethz.ch,129.132.4.155,6360.485817193985,0,125,0.004896640777587891
525268,126,0.7714782682332125,0.8387690457430753,1.4034398283277238,0.6441330228533063,55.08851099014282,False,,,126,74ca9_00000,46223d20a5ff4f50bca42d036c8f5429,2024-05-15_21-07-42,1715800062,6415.574328184128,26903,sassauna2.ee.ethz.ch,129.132.4.155,6415.574328184128,0,126,0.004896640777587891
525268,127,0.7679196867075834,0.8396689675071023,1.4387215886797224,0.6327500343322754,53.321390867233276,False,,,127,74ca9_00000,46223d20a5ff4f50bca42d036c8f5429,2024-05-15_21-08-35,1715800115,6468.895719051361,26903,sassauna2.ee.ethz.ch,129.132.4.155,6468.895719051361,0,127,0.004896640777587891
525268,128,0.7475417689843611,0.8382478193803267,1.5596221089363098,0.6292675563267299,52.24459505081177,False,,,128,74ca9_00000,46223d20a5ff4f50bca42d036c8f5429,2024-05-15_21-09-28,1715800168,6521.140314102173,26903,sassauna2.ee.ethz.ch,129.132.4.155,6521.140314102173,0,128,0.004896640777587891
525268,129,0.7692187970334833,0.8364251743663441,1.4207252860069275,0.6397026606968471,53.10311579704285,False,,,129,74ca9_00000,46223d20a5ff4f50bca42d036c8f5429,2024-05-15_21-10-21,1715800221,6574.243429899216,26903,sassauna2.ee.ethz.ch,129.132.4.155,6574.243429899216,0,129,0.004896640777587891
525268,130,0.7588211352174933,0.845433235168457,1.4852383988244193,0.622995104108538,53.468475580215454,False,,,130,74ca9_00000,46223d20a5ff4f50bca42d036c8f5429,2024-05-15_21-11-14,1715800274,6627.711905479431,26903,sassauna2.ee.ethz.ch,129.132.4.155,6627.711905479431,0,130,0.004896640777587891
525268,131,0.7225105816667731,0.8462364890358665,1.4692142690931047,0.6237052508762905,50.29424262046814,False,,,131,74ca9_00000,46223d20a5ff4f50bca42d036c8f5429,2024-05-15_21-12-05,1715800325,6678.006148099899,26903,sassauna2.ee.ethz.ch,129.132.4.155,6678.006148099899,0,131,0.004896640777587891
525268,132,0.7678096294403076,0.8393912748856978,1.5043634516852242,0.6308783122471401,50.66391444206238,False,,,132,74ca9_00000,46223d20a5ff4f50bca42d036c8f5429,2024-05-15_21-12-55,1715800375,6728.670062541962,26903,sassauna2.ee.ethz.ch,129.132.4.155,6728.670062541962,0,132,0.004896640777587891
525268,133,0.7498938549648632,0.8400171453302557,1.3327333075659615,0.6496132441929409,54.059104681015015,False,,,133,74ca9_00000,46223d20a5ff4f50bca42d036c8f5429,2024-05-15_21-13-49,1715800429,6782.729167222977,26903,sassauna2.ee.ethz.ch,129.132.4.155,6782.729167222977,0,133,0.004896640777587891
525268,134,0.7499817989089272,0.8437492197210138,1.3767476763044084,0.6508590153285435,54.05432939529419,False,,,134,74ca9_00000,46223d20a5ff4f50bca42d036c8f5429,2024-05-15_21-14-43,1715800483,6836.783496618271,26903,sassauna2.ee.ethz.ch,129.132.4.155,6836.783496618271,0,134,0.004896640777587891
525268,135,0.7296728383411061,0.848231315612793,1.387694571699415,0.649167673928397,57.61417746543884,False,,,135,74ca9_00000,46223d20a5ff4f50bca42d036c8f5429,2024-05-15_21-15-41,1715800541,6894.39767408371,26903,sassauna2.ee.ethz.ch,129.132.4.155,6894.39767408371,0,135,0.004896640777587891
525268,136,0.7487371943213723,0.8465966311368075,1.3758276530674525,0.6354262488228934,54.076162815093994,False,,,136,74ca9_00000,46223d20a5ff4f50bca42d036c8f5429,2024-05-15_21-16-35,1715800595,6948.473836898804,26903,sassauna2.ee.ethz.ch,129.132.4.155,6948.473836898804,0,136,0.004896640777587891
525268,137,0.7240011475302957,0.8526711897416548,1.4432110020092555,0.6411802428109306,50.782981872558594,False,,,137,74ca9_00000,46223d20a5ff4f50bca42d036c8f5429,2024-05-15_21-17-26,1715800646,6999.256818771362,26903,sassauna2.ee.ethz.ch,129.132.4.155,6999.256818771362,0,137,0.004896640777587891
525268,138,0.7310389063575051,0.8510474291714755,1.3617621404784066,0.6557215281895229,53.38225865364075,False,,,138,74ca9_00000,46223d20a5ff4f50bca42d036c8f5429,2024-05-15_21-18-19,1715800699,7052.639077425003,26903,sassauna2.ee.ethz.ch,129.132.4.155,7052.639077425003,0,138,0.004896640777587891
525268,139,0.7180507291447032,0.8537901098077948,1.3194320031574793,0.6489934240068708,49.731322050094604,False,,,139,74ca9_00000,46223d20a5ff4f50bca42d036c8f5429,2024-05-15_21-19-09,1715800749,7102.370399475098,26903,sassauna2.ee.ethz.ch,129.132.4.155,7102.370399475098,0,139,0.004896640777587891
525268,140,0.7214113365520131,0.8537730303677645,1.4794683626719884,0.6347590173993792,52.50219392776489,False,,,140,74ca9_00000,46223d20a5ff4f50bca42d036c8f5429,2024-05-15_21-20-01,1715800801,7154.872593402863,26903,sassauna2.ee.ethz.ch,129.132.4.155,7154.872593402863,0,140,0.004896640777587891
525268,141,0.7290824272415855,0.8490768779407848,1.3620044589042664,0.663268906729562,53.77233266830444,False,,,141,74ca9_00000,46223d20a5ff4f50bca42d036c8f5429,2024-05-15_21-20-55,1715800855,7208.644926071167,26903,sassauna2.ee.ethz.ch,129.132.4.155,7208.644926071167,0,141,0.004896640777587891
525268,142,0.6818029338663275,0.8535187461159446,1.438204858984266,0.643512453351702,50.21095252037048,False,,,142,74ca9_00000,46223d20a5ff4f50bca42d036c8f5429,2024-05-15_21-21-45,1715800905,7258.8558785915375,26903,sassauna2.ee.ethz.ch,129.132.4.155,7258.8558785915375,0,142,0.004896640777587891
525268,143,0.7093658284707502,0.8563112779097124,1.3995716742106847,0.6472461564200265,53.0597505569458,False,,,143,74ca9_00000,46223d20a5ff4f50bca42d036c8f5429,2024-05-15_21-22-38,1715800958,7311.915629148483,26903,sassauna2.ee.ethz.ch,129.132.4.155,7311.915629148483,0,143,0.004896640777587891
525268,144,0.6852649070999839,0.8578196438876066,1.351692795753479,0.6542059353419712,55.17550325393677,False,,,144,74ca9_00000,46223d20a5ff4f50bca42d036c8f5429,2024-05-15_21-23-34,1715801014,7367.09113240242,26903,sassauna2.ee.ethz.ch,129.132.4.155,7367.09113240242,0,144,0.004896640777587891
525268,145,0.670614784414118,0.8597224842418324,1.4062730925423759,0.6432060514177594,52.06340432167053,False,,,145,74ca9_00000,46223d20a5ff4f50bca42d036c8f5429,2024-05-15_21-24-26,1715801066,7419.154536724091,26903,sassauna2.ee.ethz.ch,129.132.4.155,7419.154536724091,0,145,0.004896640777587891
525268,146,0.6863963007926941,0.8568458557128906,1.3225073644093104,0.6554993901933942,49.80227732658386,False,,,146,74ca9_00000,46223d20a5ff4f50bca42d036c8f5429,2024-05-15_21-25-15,1715801115,7468.956814050674,26903,sassauna2.ee.ethz.ch,129.132.4.155,7468.956814050674,0,146,0.004896640777587891
525268,147,0.7225912700999867,0.8547312996604226,1.2836662360600062,0.6674635750906808,51.96806836128235,False,,,147,74ca9_00000,46223d20a5ff4f50bca42d036c8f5429,2024-05-15_21-26-07,1715801167,7520.924882411957,26903,sassauna2.ee.ethz.ch,129.132.4.155,7520.924882411957,0,147,0.004896640777587891
525268,148,0.6948038502172991,0.8562106219204989,1.3485466582434518,0.6583302361624581,53.92859601974487,False,,,148,74ca9_00000,46223d20a5ff4f50bca42d036c8f5429,2024-05-15_21-27-01,1715801221,7574.853478431702,26903,sassauna2.ee.ethz.ch,129.132.4.155,7574.853478431702,0,148,0.004896640777587891
525268,149,0.6808482516895641,0.8598752455277876,1.360003215926034,0.644291877746582,56.72153186798096,False,,,149,74ca9_00000,46223d20a5ff4f50bca42d036c8f5429,2024-05-15_21-27-58,1715801278,7631.575010299683,26903,sassauna2.ee.ethz.ch,129.132.4.155,7631.575010299683,0,149,0.004896640777587891
525268,150,0.6792196360501376,0.8584012118252841,1.382722990853446,0.6430796214512416,55.31018543243408,False,,,150,74ca9_00000,46223d20a5ff4f50bca42d036c8f5429,2024-05-15_21-28-53,1715801333,7686.885195732117,26903,sassauna2.ee.ethz.ch,129.132.4.155,7686.885195732117,0,150,0.004896640777587891
525268,151,0.6753740960901434,0.8592482480135831,1.425977579184941,0.657240731375558,52.354339361190796,False,,,151,74ca9_00000,46223d20a5ff4f50bca42d036c8f5429,2024-05-15_21-29-46,1715801386,7739.2395350933075,26903,sassauna2.ee.ethz.ch,129.132.4.155,7739.2395350933075,0,151,0.004896640777587891
525268,152,0.6696439168669961,0.8570099743929777,1.3790381721087865,0.6533989906311035,51.33494997024536,False,,,152,74ca9_00000,46223d20a5ff4f50bca42d036c8f5429,2024-05-15_21-30-37,1715801437,7790.574485063553,26903,sassauna2.ee.ethz.ch,129.132.4.155,7790.574485063553,0,152,0.004896640777587891
525268,153,0.6689515655690973,0.863536227833141,1.34141206741333,0.6624281065804618,56.52589988708496,False,,,153,74ca9_00000,46223d20a5ff4f50bca42d036c8f5429,2024-05-15_21-31-34,1715801494,7847.100384950638,26903,sassauna2.ee.ethz.ch,129.132.4.155,7847.100384950638,0,153,0.004896640777587891
525268,154,0.680568131533536,0.8626981215043501,1.399307131767273,0.652503217969622,51.15432929992676,False,,,154,74ca9_00000,46223d20a5ff4f50bca42d036c8f5429,2024-05-15_21-32-25,1715801545,7898.254714250565,26903,sassauna2.ee.ethz.ch,129.132.4.155,7898.254714250565,0,154,0.004896640777587891
525268,155,0.6789500388232145,0.862019192088734,1.3420454348836626,0.6449798175266811,50.072463274002075,False,,,155,74ca9_00000,46223d20a5ff4f50bca42d036c8f5429,2024-05-15_21-33-15,1715801595,7948.327177524567,26903,sassauna2.ee.ethz.ch,129.132.4.155,7948.327177524567,0,155,0.004896640777587891
525268,156,0.6732555844567039,0.8604158921675249,1.4296622106007166,0.6496584756033761,50.4887752532959,False,,,156,74ca9_00000,46223d20a5ff4f50bca42d036c8f5429,2024-05-15_21-34-05,1715801645,7998.815952777863,26903,sassauna2.ee.ethz.ch,129.132.4.155,7998.815952777863,0,156,0.004896640777587891
525268,157,0.6781240810047496,0.8598028529774059,1.3680154851504736,0.6590611594063895,53.14316368103027,False,,,157,74ca9_00000,46223d20a5ff4f50bca42d036c8f5429,2024-05-15_21-34-58,1715801698,8051.959116458893,26903,sassauna2.ee.ethz.ch,129.132.4.155,8051.959116458893,0,157,0.004896640777587891
525268,158,0.6786349795081399,0.8588563745672052,1.3369166169847762,0.6485916546412877,50.069053649902344,False,,,158,74ca9_00000,46223d20a5ff4f50bca42d036c8f5429,2024-05-15_21-35-49,1715801749,8102.028170108795,26903,sassauna2.ee.ethz.ch,129.132.4.155,8102.028170108795,0,158,0.004896640777587891
525268,159,0.6804949099367316,0.8649945692582564,1.4279617752347673,0.6388771874564034,49.923298358917236,False,,,159,74ca9_00000,46223d20a5ff4f50bca42d036c8f5429,2024-05-15_21-36-38,1715801798,8151.951468467712,26903,sassauna2.ee.ethz.ch,129.132.4.155,8151.951468467712,0,159,0.004896640777587891
525268,160,0.659698177467693,0.8654577948830344,1.3149642263139998,0.6631832122802734,51.11938118934631,False,,,160,74ca9_00000,46223d20a5ff4f50bca42d036c8f5429,2024-05-15_21-37-30,1715801850,8203.070849657059,26903,sassauna2.ee.ethz.ch,129.132.4.155,8203.070849657059,0,160,0.004896640777587891
525268,161,0.6537419232455167,0.8635331067171964,1.3348081282206945,0.6645825931004116,51.00491976737976,False,,,161,74ca9_00000,46223d20a5ff4f50bca42d036c8f5429,2024-05-15_21-38-21,1715801901,8254.075769424438,26903,sassauna2.ee.ethz.ch,129.132.4.155,8254.075769424438,0,161,0.004896640777587891
525268,162,0.6500431949442084,0.8641351353038441,1.4007932118007116,0.6456550870622907,53.938321590423584,False,,,162,74ca9_00000,46223d20a5ff4f50bca42d036c8f5429,2024-05-15_21-39-15,1715801955,8308.014091014862,26903,sassauna2.ee.ethz.ch,129.132.4.155,8308.014091014862,0,162,0.004896640777587891
525268,163,0.6665633429180492,0.8630692742087624,1.3993973306247167,0.6580541474478585,51.993971824645996,False,,,163,74ca9_00000,46223d20a5ff4f50bca42d036c8f5429,2024-05-15_21-40-07,1715802007,8360.008062839508,26903,sassauna2.ee.ethz.ch,129.132.4.155,8360.008062839508,0,163,0.004896640777587891
525268,164,0.646837900985371,0.8668173876675692,1.361370963709695,0.673698970249721,54.00939750671387,False,,,164,74ca9_00000,46223d20a5ff4f50bca42d036c8f5429,2024-05-15_21-41-01,1715802061,8414.017460346222,26903,sassauna2.ee.ethz.ch,129.132.4.155,8414.017460346222,0,164,0.004896640777587891
525268,165,0.6527205651456659,0.8695150722156871,1.3401640483311243,0.6709568159920829,52.89397406578064,False,,,165,74ca9_00000,46223d20a5ff4f50bca42d036c8f5429,2024-05-15_21-41-53,1715802113,8466.911434412003,26903,sassauna2.ee.ethz.ch,129.132.4.155,8466.911434412003,0,165,0.004896640777587891
525268,166,0.6621943495490334,0.8658180236816406,1.3199690239770072,0.6669198444911412,54.51316714286804,False,,,166,74ca9_00000,46223d20a5ff4f50bca42d036c8f5429,2024-05-15_21-42-48,1715802168,8521.42460155487,26903,sassauna2.ee.ethz.ch,129.132.4.155,8521.42460155487,0,166,0.004896640777587891
525268,167,0.6540110165422613,0.8653762123801492,1.3493733065468925,0.6624016080583844,54.18886637687683,False,,,167,74ca9_00000,46223d20a5ff4f50bca42d036c8f5429,2024-05-15_21-43-42,1715802222,8575.613467931747,26903,sassauna2.ee.ethz.ch,129.132.4.155,8575.613467931747,0,167,0.004896640777587891
525268,168,0.6330065077001398,0.871010346846147,1.3296260152544295,0.6722211837768555,56.23874616622925,False,,,168,74ca9_00000,46223d20a5ff4f50bca42d036c8f5429,2024-05-15_21-44-38,1715802278,8631.852214097977,26903,sassauna2.ee.ethz.ch,129.132.4.155,8631.852214097977,0,168,0.004896640777587891
525268,169,0.6296085715293884,0.8666774576360529,1.402402741568429,0.6721390315464565,51.793561935424805,False,,,169,74ca9_00000,46223d20a5ff4f50bca42d036c8f5429,2024-05-15_21-45-30,1715802330,8683.645776033401,26903,sassauna2.ee.ethz.ch,129.132.4.155,8683.645776033401,0,169,0.004896640777587891
525268,170,0.6424647786400535,0.8704623309048739,1.3466411147798811,0.6585609572274345,54.79573702812195,False,,,170,74ca9_00000,46223d20a5ff4f50bca42d036c8f5429,2024-05-15_21-46-25,1715802385,8738.441513061523,26903,sassauna2.ee.ethz.ch,129.132.4.155,8738.441513061523,0,170,0.004896640777587891
525268,171,0.6426749391989275,0.8730293620716442,1.3428969042641776,0.6711744580950055,51.90937638282776,False,,,171,74ca9_00000,46223d20a5ff4f50bca42d036c8f5429,2024-05-15_21-47-17,1715802437,8790.350889444351,26903,sassauna2.ee.ethz.ch,129.132.4.155,8790.350889444351,0,171,0.004896640777587891
525268,172,0.6367312398823824,0.869489236311479,1.3893363646098547,0.666095324925014,56.357823848724365,False,,,172,74ca9_00000,46223d20a5ff4f50bca42d036c8f5429,2024-05-15_21-48-13,1715802493,8846.708713293076,26903,sassauna2.ee.ethz.ch,129.132.4.155,8846.708713293076,0,172,0.004896640777587891
525268,173,0.6464156833561984,0.8679514798251066,1.3266428709030151,0.6641974449157715,51.50568962097168,False,,,173,74ca9_00000,46223d20a5ff4f50bca42d036c8f5429,2024-05-15_21-49-05,1715802545,8898.214402914047,26903,sassauna2.ee.ethz.ch,129.132.4.155,8898.214402914047,0,173,0.004896640777587891
525268,174,0.6454157341610302,0.8689684434370561,1.3895244768687658,0.6684603691101074,54.590861558914185,False,,,174,74ca9_00000,46223d20a5ff4f50bca42d036c8f5429,2024-05-15_21-49-59,1715802599,8952.805264472961,26903,sassauna2.ee.ethz.ch,129.132.4.155,8952.805264472961,0,174,0.004896640777587891
525268,175,0.633825275031003,0.8724930503151633,1.3221431800297327,0.6751925604684013,58.8555703163147,False,,,175,74ca9_00000,46223d20a5ff4f50bca42d036c8f5429,2024-05-15_21-50-58,1715802658,9011.660834789276,26903,sassauna2.ee.ethz.ch,129.132.4.155,9011.660834789276,0,175,0.004896640777587891
525268,176,0.6280899481339888,0.8739538192749023,1.366669007710048,0.6733033997671944,55.045896768569946,False,,,176,74ca9_00000,46223d20a5ff4f50bca42d036c8f5429,2024-05-15_21-51-53,1715802713,9066.706731557846,26903,sassauna2.ee.ethz.ch,129.132.4.155,9066.706731557846,0,176,0.004896640777587891
525268,177,0.642675063826821,0.8730106353759766,1.3139676536832536,0.6656858580453056,54.51367950439453,False,,,177,74ca9_00000,46223d20a5ff4f50bca42d036c8f5429,2024-05-15_21-52-48,1715802768,9121.22041106224,26903,sassauna2.ee.ethz.ch,129.132.4.155,9121.22041106224,0,177,0.004896640777587891
525268,178,0.6360414488749071,0.8707891811024059,1.321454303605216,0.6799181529453823,53.69962215423584,False,,,178,74ca9_00000,46223d20a5ff4f50bca42d036c8f5429,2024-05-15_21-53-41,1715802821,9174.920033216476,26903,sassauna2.ee.ethz.ch,129.132.4.155,9174.920033216476,0,178,0.004896640777587891
525268,179,0.6415948542681608,0.8732736760919745,1.3412459748131889,0.6693049158368792,57.149433851242065,False,,,179,74ca9_00000,46223d20a5ff4f50bca42d036c8f5429,2024-05-15_21-54-39,1715802879,9232.069467067719,26903,sassauna2.ee.ethz.ch,129.132.4.155,9232.069467067719,0,179,0.004896640777587891
525268,180,0.6330583366480741,0.8730669021606445,1.3170002017702376,0.6793385233197894,58.48008179664612,False,,,180,74ca9_00000,46223d20a5ff4f50bca42d036c8f5429,2024-05-15_21-55-37,1715802937,9290.549548864365,26903,sassauna2.ee.ethz.ch,129.132.4.155,9290.549548864365,0,180,0.004896640777587891
525268,181,0.6219856522300027,0.8757714358243075,1.2934292469705855,0.6766027041843959,51.441263914108276,False,,,181,74ca9_00000,46223d20a5ff4f50bca42d036c8f5429,2024-05-15_21-56-28,1715802988,9341.990812778473,26903,sassauna2.ee.ethz.ch,129.132.4.155,9341.990812778473,0,181,0.004896640777587891
525268,182,0.6274979493834756,0.8748768026178534,1.278990694454738,0.6749354090009417,56.72018480300903,False,,,182,74ca9_00000,46223d20a5ff4f50bca42d036c8f5429,2024-05-15_21-57-25,1715803045,9398.710997581482,26903,sassauna2.ee.ethz.ch,129.132.4.155,9398.710997581482,0,182,0.004896640777587891
525268,183,0.6353945732116699,0.8742093172940341,1.3012103268078394,0.6728899819510323,55.87680172920227,False,,,183,74ca9_00000,46223d20a5ff4f50bca42d036c8f5429,2024-05-15_21-58-21,1715803101,9454.587799310684,26903,sassauna2.ee.ethz.ch,129.132.4.155,9454.587799310684,0,183,0.004896640777587891
525268,184,0.642114595933394,0.8713125749067827,1.3405322006770544,0.6726437977382115,58.6956684589386,False,,,184,74ca9_00000,46223d20a5ff4f50bca42d036c8f5429,2024-05-15_21-59-20,1715803160,9513.283467769623,26903,sassauna2.ee.ethz.ch,129.132.4.155,9513.283467769623,0,184,0.004896640777587891
525268,185,0.6237013990228827,0.8745007081465288,1.289426258632115,0.6745959690638951,50.32331967353821,False,,,185,74ca9_00000,46223d20a5ff4f50bca42d036c8f5429,2024-05-15_22-00-10,1715803210,9563.606787443161,26903,sassauna2.ee.ethz.ch,129.132.4.155,9563.606787443161,0,185,0.004896640777587891
525268,186,0.6434437524188649,0.8722436211325906,1.305442784513746,0.6694479669843402,52.065109968185425,False,,,186,74ca9_00000,46223d20a5ff4f50bca42d036c8f5429,2024-05-15_22-01-02,1715803262,9615.671897411346,26903,sassauna2.ee.ethz.ch,129.132.4.155,9615.671897411346,0,186,0.004896640777587891
525268,187,0.6228570125319741,0.8721391504461115,1.3117055892944336,0.6776852607727051,50.817925214767456,False,,,187,74ca9_00000,46223d20a5ff4f50bca42d036c8f5429,2024-05-15_22-01-53,1715803313,9666.489822626114,26903,sassauna2.ee.ethz.ch,129.132.4.155,9666.489822626114,0,187,0.004896640777587891
525268,188,0.6388333764943209,0.8770667856389825,1.2759673595428467,0.6676934787205288,53.010613679885864,False,,,188,74ca9_00000,46223d20a5ff4f50bca42d036c8f5429,2024-05-15_22-02-46,1715803366,9719.500436306,26903,sassauna2.ee.ethz.ch,129.132.4.155,9719.500436306,0,188,0.004896640777587891
525268,189,0.640988680449399,0.8761585408991034,1.3358758687973022,0.6706135613577706,54.34390091896057,False,,,189,74ca9_00000,46223d20a5ff4f50bca42d036c8f5429,2024-05-15_22-03-40,1715803420,9773.84433722496,26903,sassauna2.ee.ethz.ch,129.132.4.155,9773.84433722496,0,189,0.004896640777587891
525268,190,0.6214081211523577,0.8736004395918413,1.3277066435132707,0.67359801701137,57.288883686065674,False,,,190,74ca9_00000,46223d20a5ff4f50bca42d036c8f5429,2024-05-15_22-04-38,1715803478,9831.133220911026,26903,sassauna2.ee.ethz.ch,129.132.4.155,9831.133220911026,0,190,0.004896640777587891
525268,191,0.608909314328974,0.8765744295987216,1.377661909375872,0.6681874138968331,51.55199980735779,False,,,191,74ca9_00000,46223d20a5ff4f50bca42d036c8f5429,2024-05-15_22-05-29,1715803529,9882.685220718384,26903,sassauna2.ee.ethz.ch,129.132.4.155,9882.685220718384,0,191,0.004896640777587891
525268,192,0.6209977973591198,0.8776105533946644,1.356267946107047,0.6526304653712681,51.61973237991333,False,,,192,74ca9_00000,46223d20a5ff4f50bca42d036c8f5429,2024-05-15_22-06-21,1715803581,9934.304953098297,26903,sassauna2.ee.ethz.ch,129.132.4.155,9934.304953098297,0,192,0.004896640777587891
525268,193,0.6234805096279491,0.8775611357255415,1.3548541154180254,0.6638159070696149,50.20986270904541,False,,,193,74ca9_00000,46223d20a5ff4f50bca42d036c8f5429,2024-05-15_22-07-11,1715803631,9984.514815807343,26903,sassauna2.ee.ethz.ch,129.132.4.155,9984.514815807343,0,193,0.004896640777587891
525268,194,0.6168372522700917,0.8780599940906871,1.3098100594111852,0.6738544191632952,54.21340727806091,False,,,194,74ca9_00000,46223d20a5ff4f50bca42d036c8f5429,2024-05-15_22-08-05,1715803685,10038.728223085403,26903,sassauna2.ee.ethz.ch,129.132.4.155,10038.728223085403,0,194,0.004896640777587891
525268,195,0.6188504695892334,0.878040920604359,1.3157372644969396,0.6829163687569755,52.917856216430664,False,,,195,74ca9_00000,46223d20a5ff4f50bca42d036c8f5429,2024-05-15_22-08-58,1715803738,10091.646079301834,26903,sassauna2.ee.ethz.ch,129.132.4.155,10091.646079301834,0,195,0.004896640777587891
525268,196,0.6308606971393932,0.875242146578702,1.3647154314177377,0.6637507847377232,51.79727292060852,False,,,196,74ca9_00000,46223d20a5ff4f50bca42d036c8f5429,2024-05-15_22-09-50,1715803790,10143.443352222443,26903,sassauna2.ee.ethz.ch,129.132.4.155,10143.443352222443,0,196,0.004896640777587891
525268,197,0.6086589802395214,0.8759739615700461,1.246733546257019,0.6802812985011509,53.58236598968506,False,,,197,74ca9_00000,46223d20a5ff4f50bca42d036c8f5429,2024-05-15_22-10-44,1715803844,10197.025718212128,26903,sassauna2.ee.ethz.ch,129.132.4.155,10197.025718212128,0,197,0.004896640777587891
525268,198,0.6426264426924966,0.8780221072110262,1.2508705513817924,0.6795689719063895,52.92959523200989,False,,,198,74ca9_00000,46223d20a5ff4f50bca42d036c8f5429,2024-05-15_22-11-36,1715803896,10249.955313444138,26903,sassauna2.ee.ethz.ch,129.132.4.155,10249.955313444138,0,198,0.004896640777587891
525268,199,0.6268012848767367,0.8734532269564542,1.2746068750108992,0.6733033997671944,57.994977712631226,False,,,199,74ca9_00000,46223d20a5ff4f50bca42d036c8f5429,2024-05-15_22-12-34,1715803954,10307.950291156769,26903,sassauna2.ee.ethz.ch,129.132.4.155,10307.950291156769,0,199,0.004896640777587891
525268,200,0.6017869060689752,0.8781123594804243,1.3101292167391096,0.6663262503487724,56.50213670730591,False,,,200,74ca9_00000,46223d20a5ff4f50bca42d036c8f5429,2024-05-15_22-13-31,1715804011,10364.452427864075,26903,sassauna2.ee.ethz.ch,129.132.4.155,10364.452427864075,0,200,0.004896640777587891
